CREATE DATABASE  IF NOT EXISTS `ent_clinic_dbs` /*!40100 DEFAULT CHARACTER SET utf8mb4 COLLATE utf8mb4_0900_ai_ci */ /*!80016 DEFAULT ENCRYPTION='N' */;
USE `ent_clinic_dbs`;
-- MySQL dump 10.13  Distrib 8.0.42, for Win64 (x86_64)
--
-- Host: 127.0.0.1    Database: ent_clinic_db
-- ------------------------------------------------------
-- Server version	8.0.43

/*!40101 SET @OLD_CHARACTER_SET_CLIENT=@@CHARACTER_SET_CLIENT */;
/*!40101 SET @OLD_CHARACTER_SET_RESULTS=@@CHARACTER_SET_RESULTS */;
/*!40101 SET @OLD_COLLATION_CONNECTION=@@COLLATION_CONNECTION */;
/*!50503 SET NAMES utf8 */;
/*!40103 SET @OLD_TIME_ZONE=@@TIME_ZONE */;
/*!40103 SET TIME_ZONE='+00:00' */;
/*!40014 SET @OLD_UNIQUE_CHECKS=@@UNIQUE_CHECKS, UNIQUE_CHECKS=0 */;
/*!40014 SET @OLD_FOREIGN_KEY_CHECKS=@@FOREIGN_KEY_CHECKS, FOREIGN_KEY_CHECKS=0 */;
/*!40101 SET @OLD_SQL_MODE=@@SQL_MODE, SQL_MODE='NO_AUTO_VALUE_ON_ZERO' */;
/*!40111 SET @OLD_SQL_NOTES=@@SQL_NOTES, SQL_NOTES=0 */;

--
-- Table structure for table `attachments`
--

DROP TABLE IF EXISTS `attachments`;
/*!40101 SET @saved_cs_client     = @@character_set_client */;
/*!50503 SET character_set_client = utf8mb4 */;
CREATE TABLE `attachments` (
  `attachment_id` int NOT NULL AUTO_INCREMENT,
  `consultation_id` int DEFAULT NULL,
  `patient_id` int NOT NULL,
  `file_path` varchar(500) NOT NULL,
  `file_type` enum('Image','Video') NOT NULL,
  `category` varchar(100) DEFAULT 'General',
  `date_added` datetime DEFAULT CURRENT_TIMESTAMP,
  `note` varchar(45) DEFAULT NULL,
  PRIMARY KEY (`attachment_id`),
  KEY `patient_id` (`patient_id`),
  KEY `fk_attachments_consultation` (`consultation_id`),
  CONSTRAINT `attachments_ibfk_1` FOREIGN KEY (`patient_id`) REFERENCES `patients` (`patient_id`) ON DELETE CASCADE,
  CONSTRAINT `fk_attachments_consultation` FOREIGN KEY (`consultation_id`) REFERENCES `consultation` (`consultation_id`) ON DELETE CASCADE ON UPDATE CASCADE
) ENGINE=InnoDB AUTO_INCREMENT=54 DEFAULT CHARSET=utf8mb4 COLLATE=utf8mb4_0900_ai_ci;
/*!40101 SET character_set_client = @saved_cs_client */;

--
-- Dumping data for table `attachments`
--

LOCK TABLES `attachments` WRITE;
/*!40000 ALTER TABLE `attachments` DISABLE KEYS */;
INSERT INTO `attachments` VALUES (37,35,2,'C:\\Users\\wenwe\\Documents\\ENTClinic\\2\\Images\\image_3c77c3f3-6c5e-4e91-925e-d23fb07d90bd.png','Image','(no category)','2025-09-11 16:39:44',''),(38,35,2,'C:\\Users\\wenwe\\Documents\\ENTClinic\\2\\Images\\image_17d78d2c-d5a3-4f52-96f6-304e7788cd4c.png','Image','(no category)','2025-09-11 16:39:44',''),(39,35,2,'C:\\Users\\wenwe\\Documents\\ENTClinic\\2\\Images\\image_bb42eb7e-bec6-4577-8c45-218c29918b13.png','Image','(no category)','2025-09-11 16:39:44',''),(40,35,2,'C:\\Users\\wenwe\\Documents\\ENTClinic\\2\\Images\\image_5fce860a-cb08-4831-a48e-ecf3e3a932da.png','Image','(no category)','2025-09-11 16:39:44',''),(41,35,2,'C:\\Users\\wenwe\\Documents\\ENTClinic\\2\\Images\\image_ca15c3ff-8c95-498c-b1a8-3fed6404dbd3.png','Image','(no category)','2025-09-11 16:39:44',''),(42,35,2,'C:\\Users\\wenwe\\Documents\\ENTClinic\\2\\Images\\image_5ffdfed2-0e90-4535-89e8-339abc81bff2.png','Image','(no category)','2025-09-11 16:39:44',''),(43,35,2,'C:\\Users\\wenwe\\Documents\\ENTClinic\\2\\Images\\image_d6ccdd2c-3033-4f47-9714-83f28af6ac43.png','Image','(no category)','2025-09-11 16:39:44',''),(44,35,2,'C:\\Users\\wenwe\\Documents\\ENTClinic\\2\\Images\\image_b6179886-ad38-4b7d-80a6-ff85406b3b5f.png','Image','(no category)','2025-09-11 16:39:44',''),(45,35,2,'C:\\Users\\wenwe\\Documents\\ENTClinic\\2\\Images\\image_2c0d3a8a-c1ef-4b08-9e20-4c5fab9647ad.png','Image','(no category)','2025-09-11 16:39:44',''),(46,35,2,'C:\\Users\\wenwe\\Documents\\ENTClinic\\2\\Videos\\Video_20250911_163931.mp4','Video','(no category)','2025-09-11 16:39:44',''),(47,35,2,'C:\\Users\\wenwe\\Documents\\ENTClinic\\2\\Videos\\Video_20250911_163934.mp4','Video','(no category)','2025-09-11 16:39:44',''),(48,38,2,'C:\\Users\\wenwe\\Documents\\ENTClinic\\2\\Images\\ent-61-complications-after-ear-tube-surgery.jpg','Image','Ears','2025-09-12 01:56:01','this is on the ear'),(49,38,2,'C:\\Users\\wenwe\\Documents\\ENTClinic\\2\\Videos\\Video_20250912_013232.mp4','Video','(no category)','2025-09-12 01:56:01',''),(50,38,2,'C:\\Users\\wenwe\\Documents\\ENTClinic\\2\\Videos\\Video_20250912_013240.mp4','Video','(no category)','2025-09-12 01:56:01',''),(51,39,2,'C:\\Users\\wenwe\\Documents\\ENTClinic\\2\\Videos\\Video_20250913_002051.mp4','Video','Nose','2025-09-13 00:21:00','asdasdasdasd'),(52,40,2,'C:\\Users\\wenwe\\Documents\\ENTClinic\\2\\Images\\535196013_1484460269486778_5225315320640347734_n.jpg','Image','(no category)','2025-09-13 14:49:37',''),(53,41,990,'C:\\Users\\wenwe\\Documents\\ENTClinic\\990\\Images\\535196013_1484460269486778_5225315320640347734_n.jpg','Image','(no category)','2025-09-13 14:49:53','');
/*!40000 ALTER TABLE `attachments` ENABLE KEYS */;
UNLOCK TABLES;

--
-- Table structure for table `autocomplete_entries`
--

DROP TABLE IF EXISTS `autocomplete_entries`;
/*!40101 SET @saved_cs_client     = @@character_set_client */;
/*!50503 SET character_set_client = utf8mb4 */;
CREATE TABLE `autocomplete_entries` (
  `id` int NOT NULL AUTO_INCREMENT,
  `column_name` varchar(100) DEFAULT NULL,
  `value` varchar(255) DEFAULT NULL,
  PRIMARY KEY (`id`),
  UNIQUE KEY `value` (`value`)
) ENGINE=InnoDB AUTO_INCREMENT=62 DEFAULT CHARSET=utf8mb4 COLLATE=utf8mb4_0900_ai_ci;
/*!40101 SET character_set_client = @saved_cs_client */;

--
-- Dumping data for table `autocomplete_entries`
--

LOCK TABLES `autocomplete_entries` WRITE;
/*!40000 ALTER TABLE `autocomplete_entries` DISABLE KEYS */;
INSERT INTO `autocomplete_entries` VALUES (1,'chief_complaint','fever\n'),(2,'chief_complaint','cuagh\n'),(3,'chief_complaint','chooke'),(4,'chief_complaint','Ear pain for 3 days\n'),(5,'chief_complaint','Hearing loss in right ear\n'),(6,'chief_complaint','Frequent nasal congestion\n'),(7,'chief_complaint','Sore throat with difficulty swallowing'),(8,'history','Patient reports ear pain starting 3 days ago, progressively worsening\n'),(9,'history','Associated with mild fever and occasional dizziness\n'),(10,'history','No history of ear trauma or foreign body insertion\n'),(11,'history','Took paracetamol with partial relief\n'),(12,'history','No hearing loss on the left ear'),(13,'ear_exam','External ear normal\n'),(14,'ear_exam','Tympanic membrane intact\n'),(15,'ear_exam','Ear canal with mild redness\n'),(16,'ear_exam','Cerumen impaction noted'),(17,'nose_exam','Nasal septum midline\n'),(18,'nose_exam','Turbinates hypertrophied\n'),(19,'nose_exam','Clear watery discharge\n'),(20,'nose_exam','No polyps seen'),(21,'throat_exam','Tonsils enlarged grade II\n'),(22,'throat_exam','Pharyngeal wall congested\n'),(23,'throat_exam','No exudates seen\n'),(24,'throat_exam','Uvula midline'),(25,'diagnosis','Acute otitis media\n'),(26,'diagnosis','Allergic rhinitis\n'),(27,'diagnosis','Pharyngitis\n'),(28,'diagnosis','Impacted cerumen'),(29,'recommendations','Prescribe Amoxicillin 500mg TID for 7 days\n'),(30,'recommendations','Advise steam inhalation\n'),(31,'recommendations','Increase fluid intake\n'),(32,'recommendations','Follow-up after 1 week');
/*!40000 ALTER TABLE `autocomplete_entries` ENABLE KEYS */;
UNLOCK TABLES;

--
-- Table structure for table `consultation`
--

DROP TABLE IF EXISTS `consultation`;
/*!40101 SET @saved_cs_client     = @@character_set_client */;
/*!50503 SET character_set_client = utf8mb4 */;
CREATE TABLE `consultation` (
  `consultation_id` int NOT NULL AUTO_INCREMENT,
  `patient_id` int NOT NULL,
  `doctor_name` varchar(100) DEFAULT NULL,
  `consultation_date` datetime DEFAULT CURRENT_TIMESTAMP,
  `chief_complaint` text,
  `history` text,
  `ear_exam` text,
  `nose_exam` text,
  `throat_exam` text,
  `diagnosis` text,
  `recommendations` text,
  `notes` text,
  `follow_up_date` date DEFAULT NULL,
  `follow_up_notes` text,
  PRIMARY KEY (`consultation_id`),
  KEY `patient_id` (`patient_id`),
  CONSTRAINT `consultation_ibfk_1` FOREIGN KEY (`patient_id`) REFERENCES `patients` (`patient_id`) ON DELETE CASCADE
) ENGINE=InnoDB AUTO_INCREMENT=42 DEFAULT CHARSET=utf8mb4 COLLATE=utf8mb4_0900_ai_ci;
/*!40101 SET character_set_client = @saved_cs_client */;

--
-- Dumping data for table `consultation`
--

LOCK TABLES `consultation` WRITE;
/*!40000 ALTER TABLE `consultation` DISABLE KEYS */;
INSERT INTO `consultation` VALUES (35,2,'Dr. Smith','2025-09-11 16:39:44','• ASDASD','• ASDA','• ASDASDASD','• ASD','• DSDASDA','• ASDASDASDASDASD','• A','• ASDASASDASD','2025-09-03',NULL),(36,2,'Dr. Smith','2025-09-12 00:22:16','• fever\n• cuagh\n• chooke','• ','• ','• ','• ','• ','• ','• ','2025-09-12',NULL),(37,2,'Dr. Smith','2025-09-12 01:29:13','• Ear pain for 3 days\n• Hearing loss in right ear\n• Frequent nasal congestion\n• Sore throat with difficulty swallowing','• Patient reports ear pain starting 3 days ago, progressively worsening\n• Associated with mild fever and occasional dizziness\n• No history of ear trauma or foreign body insertion\n• Took paracetamol with partial relief\n• No hearing loss on the left ear','• External ear normal\n• Tympanic membrane intact\n• Ear canal with mild redness\n• Cerumen impaction noted','• Nasal septum midline\n• Turbinates hypertrophied\n• Clear watery discharge\n• No polyps seen','• Tonsils enlarged grade II\n• Pharyngeal wall congested\n• No exudates seen\n• Uvula midline','• Acute otitis media\n• Allergic rhinitis\n• Pharyngitis\n• Impacted cerumen','• Prescribe Amoxicillin 500mg TID for 7 days\n• Advise steam inhalation\n• Increase fluid intake\n• Follow-up after 1 week','• Blood pressure taken: 120/80 mmHg\n• Temperature recorded at 37.2°C\n• Patient reports no known drug allergies\n• Noted patient’s concern about recurrent episodes\n• Will coordinate with pediatrician for further evaluation','2025-09-16',NULL),(38,2,'Dr. Smith','2025-09-12 01:56:01','• Ear pain for 3 days\n• Hearing loss in right ear\n• Frequent nasal congestion\n• Sore throat with difficulty swallowing','• Patient reports ear pain starting 3 days ago, progressively worsening\n• Associated with mild fever and occasional dizziness\n• No history of ear trauma or foreign body insertion\n• Took paracetamol with partial relief\n• No hearing loss on the left ear','• External ear normal\n• Tympanic membrane intact\n• Ear canal with mild redness\n• Cerumen impaction noted','• Nasal septum midline\n• Turbinates hypertrophied\n• Clear watery discharge\n• No polyps seen','• Tonsils enlarged grade II\n• Pharyngeal wall congested\n• No exudates seen\n• Uvula midline','• Acute otitis media\n• Allergic rhinitis\n• Pharyngitis\n• Impacted cerumen','• Prescribe Amoxicillin 500mg TID for 7 days\n• Advise steam inhalation\n• Increase fluid intake\n• Follow-up after 1 week','• Blood pressure taken: 120/80 mmHg\n• Temperature recorded at 37.2°C\n• Patient reports no known drug allergies\n• Noted patient’s concern about recurrent episodes\n• Will coordinate with pediatrician for further evaluation','2025-09-16',NULL),(39,2,'Dr. Smith','2025-09-13 00:21:01','• ','• ','• ','• ','• ','• ','• ','','2025-09-13',NULL),(40,2,'Dr. Receptioist','2025-09-13 14:49:38','• ','• ','• ','• ','• ','• ','• ','','2025-09-13',NULL),(41,990,'Dr. Receptioist','2025-09-13 14:49:54','• ','• ','• ','• ','• ','• ','• ','','2025-09-13',NULL);
/*!40000 ALTER TABLE `consultation` ENABLE KEYS */;
UNLOCK TABLES;

--
-- Table structure for table `items`
--

DROP TABLE IF EXISTS `items`;
/*!40101 SET @saved_cs_client     = @@character_set_client */;
/*!50503 SET character_set_client = utf8mb4 */;
CREATE TABLE `items` (
  `item_id` int NOT NULL AUTO_INCREMENT,
  `item_name` varchar(255) NOT NULL,
  `description` varchar(100) DEFAULT NULL,
  `category` varchar(100) NOT NULL,
  `cost_price` decimal(10,2) NOT NULL,
  `selling_price` decimal(10,2) NOT NULL,
  `stock_quantity` int DEFAULT '0',
  `created_at` timestamp NULL DEFAULT CURRENT_TIMESTAMP,
  `updated_at` timestamp NULL DEFAULT CURRENT_TIMESTAMP ON UPDATE CURRENT_TIMESTAMP,
  PRIMARY KEY (`item_id`)
) ENGINE=InnoDB AUTO_INCREMENT=20 DEFAULT CHARSET=utf8mb4 COLLATE=utf8mb4_0900_ai_ci;
/*!40101 SET character_set_client = @saved_cs_client */;

--
-- Dumping data for table `items`
--

LOCK TABLES `items` WRITE;
/*!40000 ALTER TABLE `items` DISABLE KEYS */;
INSERT INTO `items` VALUES (19,'amoxixiline','100mg','medicine',12.00,15.00,80,'2025-09-12 20:25:28','2025-09-12 20:26:00');
/*!40000 ALTER TABLE `items` ENABLE KEYS */;
UNLOCK TABLES;

--
-- Table structure for table `patients`
--

DROP TABLE IF EXISTS `patients`;
/*!40101 SET @saved_cs_client     = @@character_set_client */;
/*!50503 SET character_set_client = utf8mb4 */;
CREATE TABLE `patients` (
  `patient_id` int NOT NULL AUTO_INCREMENT,
  `full_name` varchar(100) NOT NULL,
  `address` varchar(255) DEFAULT NULL,
  `birth_date` date NOT NULL,
  `age` int NOT NULL,
  `sex` enum('M','F') NOT NULL,
  `civil_status` varchar(20) DEFAULT NULL,
  `patient_contact_number` varchar(11) NOT NULL,
  `emergency_name` varchar(150) DEFAULT NULL,
  `emergency_contact_number` varchar(11) DEFAULT NULL,
  `emergency_relationship` varchar(50) DEFAULT NULL,
  `created_at` timestamp NULL DEFAULT CURRENT_TIMESTAMP,
  PRIMARY KEY (`patient_id`)
) ENGINE=InnoDB AUTO_INCREMENT=2002 DEFAULT CHARSET=utf8mb4 COLLATE=utf8mb4_0900_ai_ci;
/*!40101 SET character_set_client = @saved_cs_client */;

--
-- Dumping data for table `patients`
--

LOCK TABLES `patients` WRITE;
/*!40000 ALTER TABLE `patients` DISABLE KEYS */;
INSERT INTO `patients` VALUES (2,'Duzzy D. Buzz Jr.','Buntatala Jaro Iloilo City','2007-03-08',18,'F','Single','09511365191','Marry F. Buzz','09511365191','Spause','2025-09-07 18:15:54'),(990,'Joshuah Suffield','PO Box 100','2017-06-17',8,'M','Married','09171234567','Charmian Feavyour','09171234567','Child','2025-09-07 22:42:42'),(1000,'Winne Earingey','Suite 200','2017-04-20',8,'M','Single','09348901234','Pierson Stainson','09171234567','Spouse','2025-09-07 22:42:12'),(1001,'Giraud Audiss','13th Floors','2016-12-15',8,'M','Married','09171234567','Lorelle Giacovazzo','09171234567','Sibling','2025-09-07 22:43:28'),(1002,'Corette Coppin','Suite 11','2020-09-12',5,'F','Married','09215678901','Lennie Ormshaw','09215678901','Sibling','2025-09-07 22:43:57'),(1003,'Arri Caldera','Tagbac Jaro Iloilo City','2024-08-31',1,'M','Single','09348901234','Hazlett O\'Hearn','09171234567','Friend','2025-09-07 22:43:57'),(1004,'Edgardo Ham','Apt 376','2023-05-05',2,'M','Widowed','09348901234','John Lindfors','09171234567','Friend','2025-09-07 22:43:57'),(1005,'Yetta Wrathmall','3rd Floor','2021-07-09',4,'M','Married','09348901234','Brett Trevett','09348901234','Child','2025-09-07 22:43:57'),(1006,'Morgun Yakovliv','PO Box 2849','2019-10-22',5,'F','Married','09348901234','Brand Potbury','09348901234','Father','2025-09-07 22:43:57'),(1007,'Shanie Thomazet','PO Box 72324','2015-07-17',10,'F','Widowed','09171234567','Minette Simenel','09171234567','Sibling','2025-09-07 22:43:57'),(1008,'Emily Hankinson','PO Box 68345','2014-11-11',10,'M','Widowed','09215678901','Ingeborg Paraman','09215678901','Sibling','2025-09-07 22:43:57'),(1009,'Eileen Kleinstub','Room 1136','2018-11-22',6,'F','Married','09348901234','Andres Dhenin','09348901234','Friend','2025-09-07 22:43:57'),(1010,'Valerye Jodrellec','Room 1429','2017-07-30',8,'F','Married','09215678901','Payton Borres','09348901234','Sibling','2025-09-07 22:43:57'),(1011,'Lisha Kenelin','Room 881','2017-03-10',8,'F','Single','09171234567','Bartholemy Hubatsch','09215678901','Spouse','2025-09-07 22:43:57'),(1012,'Tory Tharme','Suite 80','2014-10-30',10,'F','Married','09215678901','Hermon Twohig','09215678901','Sibling','2025-09-07 22:43:57'),(1013,'Daniele Bethune','Suite 15','2025-08-19',0,'F','Married','09348901234','Walsh Wilbud','09348901234','Spouse','2025-09-07 22:43:57'),(1014,'Valentin Espie','Room 1847','2018-12-06',6,'M','Married','09348901234','Laverne Cribbins','09348901234','Friend','2025-09-07 22:43:57'),(1015,'Ford Pachmann','1st Floor','2017-04-07',8,'M','Single','09171234567','Isa Kesley','09171234567','Mother','2025-09-07 22:43:57'),(1016,'Xaviera Marc','20th Floor','2015-04-15',10,'M','Single','09171234567','Rica Prantl','09348901234','Mother','2025-09-07 22:43:57'),(1017,'Sande Donovan','Apt 999','2024-10-10',0,'M','Single','09215678901','Korella Saleway','09348901234','Child','2025-09-07 22:43:57'),(1018,'Carissa Astman','Apt 980','2017-12-15',7,'M','Widowed','09171234567','Eliot Domek','09171234567','Friend','2025-09-07 22:43:57'),(1019,'Claudius Clacson','PO Box 2360','2023-02-04',2,'M','Single','09171234567','Collen Bartoli','09215678901','Child','2025-09-07 22:43:57'),(1020,'Harriette Cyples','Suite 18','2025-03-11',0,'M','Married','09171234567','Gusti Kidde','09348901234','Child','2025-09-07 22:43:57'),(1021,'Fidole Staresmeare','Room 1943','2019-02-26',6,'M','Married','09348901234','Jimmie Billin','09215678901','Sibling','2025-09-07 22:43:57'),(1022,'Torie Wilshaw','3rd Floor','2024-05-28',1,'F','Married','09171234567','Rayshell Hucker','09215678901','Father','2025-09-07 22:43:57'),(1023,'Michaeline Haryngton','12th Floor','2019-02-20',6,'M','Married','09215678901','Ellis Burling','09348901234','Mother','2025-09-07 22:43:57'),(1024,'Elwira Lehrahan','Suite 15','2022-09-25',2,'M','Single','09348901234','Albert Berford','09171234567','Mother','2025-09-07 22:43:57'),(1025,'Persis Tassell','Apt 775','2020-12-22',4,'M','Single','09215678901','Carole Diego','09348901234','Father','2025-09-07 22:43:57'),(1026,'Daffy Coleford','2nd Floor','2024-12-26',0,'F','Widowed','09215678901','Morlee Petrushka','09348901234','Father','2025-09-07 22:43:57'),(1027,'Rois Beadham','PO Box 18764','2025-08-20',0,'M','Widowed','09171234567','Magdaia Jouhandeau','09171234567','Sibling','2025-09-07 22:43:57'),(1028,'Billie Killcross','PO Box 20543','2025-07-31',0,'F','Widowed','09348901234','Delilah Hurll','09348901234','Mother','2025-09-07 22:43:57'),(1029,'Quentin Bansal','PO Box 84175','2014-12-30',10,'F','Married','09171234567','Darwin Conws','09171234567','Spouse','2025-09-07 22:43:57'),(1030,'Gardy Macauley','Suite 69','2020-01-24',5,'F','Married','09348901234','Sydel Gueny','09171234567','Friend','2025-09-07 22:43:57'),(1031,'Josie Lishmund','Suite 3','2022-03-23',3,'F','Single','09171234567','Gussie Gresty','09348901234','Sibling','2025-09-07 22:43:57'),(1032,'Kamilah La Padula','Suite 59','2022-05-23',3,'F','Widowed','09215678901','Sergent Castelin','09215678901','Mother','2025-09-07 22:43:57'),(1033,'Ashlen O\'Fergus','Suite 5','2023-09-04',2,'F','Married','09215678901','Jemimah Padell','09171234567','Father','2025-09-07 22:43:57'),(1034,'Sarina Castiglioni','Room 81','2020-11-03',4,'F','Single','09348901234','Ermanno Eynald','09348901234','Mother','2025-09-07 22:43:57'),(1035,'Arabel Dumper','13th Floor','2024-11-30',0,'M','Married','09215678901','Justine Lennon','09348901234','Father','2025-09-07 22:43:57'),(1036,'Agnese Farrington','Apt 1880','2016-09-27',8,'F','Married','09348901234','Stanley Fiske','09171234567','Father','2025-09-07 22:43:57'),(1037,'Bertrand Kincla','Apt 1009','2020-11-14',4,'F','Widowed','09215678901','Kara Abrahamsohn','09171234567','Mother','2025-09-07 22:43:57'),(1038,'Joyan Crank','Suite 3','2023-10-16',1,'F','Widowed','09171234567','Kinny Kellard','09348901234','Father','2025-09-07 22:43:57'),(1039,'Thebault Cooksley','18th Floor','2016-02-28',9,'F','Single','09171234567','Alejoa Gianetti','09215678901','Spouse','2025-09-07 22:43:57'),(1040,'Julieta Laurant','Suite 9','2015-05-29',10,'M','Widowed','09171234567','Sarene Ellis','09171234567','Child','2025-09-07 22:43:57'),(1041,'Melvyn Alsopp','Apt 1469','2021-01-13',4,'F','Single','09215678901','Moses De Santos','09215678901','Mother','2025-09-07 22:43:57'),(1042,'Haydon Brownill','6th Floor','2020-10-08',4,'M','Widowed','09215678901','Dickie Yantsev','09348901234','Friend','2025-09-07 22:43:57'),(1043,'Vicki Shemelt','Room 1368','2015-10-15',9,'F','Widowed','09171234567','Derward Kneale','09171234567','Mother','2025-09-07 22:43:57'),(1044,'Tobin Muddimer','Room 1369','2023-08-14',2,'F','Single','09348901234','Zorana Lindelof','09171234567','Friend','2025-09-07 22:43:57'),(1045,'Pierette Gregol','13th Floor','2016-12-20',8,'F','Married','09348901234','Ericka Oakly','09171234567','Friend','2025-09-07 22:43:57'),(1046,'Edithe Tinkler','PO Box 54597','2017-01-26',8,'F','Single','09171234567','Shay Wharfe','09171234567','Sibling','2025-09-07 22:43:57'),(1047,'Berni Banting','PO Box 99889','2019-07-13',6,'F','Widowed','09215678901','Arie Templeman','09348901234','Child','2025-09-07 22:43:57'),(1048,'Robb Angerstein','PO Box 40523','2020-06-21',5,'F','Married','09171234567','Alaine Ebbage','09348901234','Sibling','2025-09-07 22:43:57'),(1049,'Hayley Flinn','7th Floor','2014-10-23',10,'M','Married','09348901234','Florrie Burkett','09348901234','Spouse','2025-09-07 22:43:57'),(1050,'Genvieve Dollin','Apt 129','2015-07-11',10,'M','Married','09348901234','Mauricio Brute','09171234567','Friend','2025-09-07 22:43:57'),(1051,'Faydra Kingston','Apt 987','2023-04-09',2,'M','Widowed','09348901234','Petey Woodthorpe','09348901234','Sibling','2025-09-07 22:43:57'),(1052,'Grissel Wahlberg','Apt 1310','2016-09-13',9,'F','Widowed','09215678901','Man Weeke','09215678901','Child','2025-09-07 22:43:57'),(1053,'Brina Ballantine','Suite 99','2022-04-12',3,'F','Single','09171234567','Corella Tythe','09215678901','Friend','2025-09-07 22:43:57'),(1054,'Rockey Hundley','Room 1002','2014-12-10',10,'M','Widowed','09171234567','Coriss Cudihy','09215678901','Father','2025-09-07 22:43:57'),(1055,'Inesita Wasiel','Apt 1359','2017-06-06',8,'F','Widowed','09215678901','Rosalynd Inseal','09171234567','Spouse','2025-09-07 22:43:57'),(1056,'Shelba Gegg','Suite 89','2018-01-15',7,'F','Married','09348901234','Lita Levis','09348901234','Father','2025-09-07 22:43:57'),(1057,'Briant Leggitt','Apt 138','2020-08-25',5,'M','Single','09215678901','Annnora Hailes','09171234567','Child','2025-09-07 22:43:57'),(1058,'Karl Denisyev','10th Floor','2016-08-29',9,'M','Widowed','09348901234','Min Brunskill','09215678901','Sibling','2025-09-07 22:43:57'),(1059,'Laurent Coulson','PO Box 39175','2023-11-24',1,'M','Single','09348901234','Madelon Piercey','09348901234','Friend','2025-09-07 22:43:57'),(1060,'Abbie Redit','PO Box 44177','2021-04-07',4,'F','Single','09171234567','Fawnia Andreix','09348901234','Mother','2025-09-07 22:43:57'),(1061,'Libbie Anstead','PO Box 72483','2025-01-05',0,'F','Married','09171234567','Nora Ovens','09171234567','Sibling','2025-09-07 22:43:57'),(1062,'Renard Mulles','PO Box 51361','2020-12-01',4,'M','Single','09348901234','Bendicty Lammie','09348901234','Mother','2025-09-07 22:43:57'),(1063,'Imogen Bickerdike','Room 897','2015-03-30',10,'F','Single','09215678901','Grethel Pedrozzi','09348901234','Mother','2025-09-07 22:43:57'),(1064,'Giacopo Beddon','Room 866','2020-02-28',5,'F','Widowed','09215678901','Tripp Wrightham','09348901234','Sibling','2025-09-07 22:43:57'),(1065,'Lilian Klimontovich','PO Box 50430','2016-08-25',9,'F','Single','09215678901','Lynn Gilstin','09348901234','Mother','2025-09-07 22:43:57'),(1066,'Rancell Shelsher','Suite 34','2016-05-07',9,'F','Widowed','09171234567','Adaline Squibbs','09171234567','Father','2025-09-07 22:43:57'),(1067,'Cybill Ebbotts','5th Floor','2014-10-16',10,'F','Widowed','09171234567','Rosmunda Entres','09348901234','Father','2025-09-07 22:43:57'),(1068,'Stepha Peacham','Room 1420','2019-09-19',5,'M','Widowed','09171234567','Judy Clipston','09215678901','Spouse','2025-09-07 22:43:57'),(1069,'Mona Middle','14th Floor','2023-10-28',1,'F','Single','09171234567','Jeanna Houtbie','09171234567','Sibling','2025-09-07 22:43:57'),(1070,'Jervis Dimmick','Room 1813','2021-02-12',4,'F','Widowed','09215678901','Locke Schukraft','09348901234','Sibling','2025-09-07 22:43:57'),(1071,'Tabb Rame','PO Box 34268','2022-03-19',3,'F','Married','09215678901','Yoshiko Collyns','09348901234','Spouse','2025-09-07 22:43:57'),(1072,'Dannye Escudier','14th Floor','2025-07-07',0,'M','Married','09348901234','Aymer Del Castello','09348901234','Spouse','2025-09-07 22:43:57'),(1073,'Emlen Cunniff','Room 1361','2020-11-01',4,'F','Widowed','09348901234','Steffen Marielle','09215678901','Mother','2025-09-07 22:43:57'),(1074,'Isidore O\'Lunney','Room 696','2020-12-08',4,'M','Single','09348901234','Genny Riccardini','09215678901','Mother','2025-09-07 22:43:57'),(1075,'Trefor Riddich','Suite 13','2020-11-25',4,'M','Single','09215678901','Francisco Guiot','09348901234','Mother','2025-09-07 22:43:57'),(1076,'Mareah Dunsmuir','20th Floor','2022-03-12',3,'F','Married','09215678901','Barry Harbidge','09171234567','Father','2025-09-07 22:43:57'),(1077,'Maris Pirouet','Apt 1288','2023-12-06',1,'M','Married','09348901234','Abra Sawnwy','09171234567','Mother','2025-09-07 22:43:57'),(1078,'Karrah Faircliffe','PO Box 16121','2018-07-15',7,'F','Married','09171234567','Loella Moyle','09215678901','Child','2025-09-07 22:43:57'),(1079,'Silvana Punshon','PO Box 39910','2020-06-17',5,'F','Married','09215678901','Nora Loughton','09215678901','Friend','2025-09-07 22:43:57'),(1080,'Raleigh Polo','Room 1070','2022-02-27',3,'M','Married','09215678901','Athena Fairey','09348901234','Spouse','2025-09-07 22:43:57'),(1081,'Quintin Tague','PO Box 95438','2023-05-13',2,'F','Widowed','09215678901','Ketty Bassindale','09215678901','Father','2025-09-07 22:43:57'),(1082,'Delly Gotliffe','2nd Floor','2021-04-03',4,'F','Widowed','09215678901','Jessie Shackleford','09171234567','Father','2025-09-07 22:43:57'),(1083,'Katha Rigardeau','PO Box 46174','2021-02-17',4,'M','Single','09171234567','Friedrick Blackaby','09215678901','Child','2025-09-07 22:43:57'),(1084,'Artemas Brannon','PO Box 81730','2022-05-04',3,'F','Married','09215678901','Glen Burtenshaw','09171234567','Spouse','2025-09-07 22:43:57'),(1085,'Corina Colt','Apt 1270','2021-04-17',4,'M','Widowed','09171234567','Brand Peaker','09171234567','Child','2025-09-07 22:43:57'),(1086,'Ambrose Mussettini','Apt 1701','2021-09-18',3,'F','Married','09171234567','Latashia Cleynaert','09171234567','Child','2025-09-07 22:43:57'),(1087,'Virgina Hablet','Suite 42','2021-11-06',3,'F','Single','09215678901','Athena Drewson','09348901234','Spouse','2025-09-07 22:43:57'),(1088,'Israel Lowndsbrough','PO Box 36917','2021-07-03',4,'F','Married','09215678901','Franni Watts','09215678901','Father','2025-09-07 22:43:57'),(1089,'Maisey Persent','Room 1774','2017-12-02',7,'F','Married','09171234567','Frederic Spittall','09215678901','Father','2025-09-07 22:43:57'),(1090,'Bernelle Mohring','PO Box 76725','2020-07-18',5,'F','Married','09215678901','Georgianne Checcucci','09215678901','Father','2025-09-07 22:43:57'),(1091,'Lucais Maxworthy','Suite 49','2020-10-03',4,'M','Single','09215678901','Elvyn Chastney','09215678901','Child','2025-09-07 22:43:57'),(1092,'Katherina Dowson','Room 1007','2016-08-25',9,'M','Married','09215678901','Red Fancet','09215678901','Father','2025-09-07 22:43:57'),(1093,'Sayer Scarre','Suite 26','2025-05-04',0,'M','Widowed','09215678901','Dorey Varnam','09348901234','Friend','2025-09-07 22:43:57'),(1094,'Datha Rakestraw','Suite 49','2019-08-08',6,'M','Married','09215678901','Bryant Kwiek','09215678901','Father','2025-09-07 22:43:57'),(1095,'Raphael Akram','Suite 53','2024-11-27',0,'F','Single','09171234567','Robert Vowell','09171234567','Sibling','2025-09-07 22:43:57'),(1096,'Cornell Mayow','Room 1606','2025-09-02',0,'F','Single','09215678901','Barn Sheraton','09348901234','Friend','2025-09-07 22:43:57'),(1097,'Harmony Jowers','Room 1759','2020-09-02',5,'F','Widowed','09348901234','Olwen Rohlfing','09215678901','Spouse','2025-09-07 22:43:57'),(1098,'Gregor Boatman','Apt 841','2016-03-23',9,'M','Widowed','09215678901','Tish Crawley','09215678901','Spouse','2025-09-07 22:43:57'),(1099,'Edd Carnoghan','PO Box 5278','2015-05-14',10,'M','Married','09348901234','Giavani Willoughey','09348901234','Mother','2025-09-07 22:43:57'),(1100,'Darby Grosvener','5th Floor','2016-09-23',8,'F','Single','09348901234','Cathrine Heatley','09171234567','Father','2025-09-07 22:43:57'),(1101,'Olenolin Grafton','PO Box 67682','2021-03-27',4,'M','Married','09215678901','Nelie McGettigan','09171234567','Child','2025-09-07 22:43:57'),(1102,'Waverly Temblett','Suite 85','2021-12-14',3,'F','Single','09348901234','Cordell Sonschein','09215678901','Friend','2025-09-07 22:43:57'),(1103,'Leoine Wylam','Apt 695','2024-04-21',1,'M','Married','09171234567','Gino Sainz','09348901234','Spouse','2025-09-07 22:43:57'),(1104,'Raviv Caitlin','PO Box 52071','2016-06-27',9,'M','Married','09348901234','Jaye Benasik','09348901234','Friend','2025-09-07 22:43:57'),(1105,'Richard Kemmis','14th Floor','2023-10-20',1,'F','Widowed','09171234567','Juliane Bretherick','09348901234','Mother','2025-09-07 22:43:57'),(1106,'Deane Dillway','Room 1777','2015-06-24',10,'M','Widowed','09215678901','Tyrus Simonds','09215678901','Friend','2025-09-07 22:43:57'),(1107,'Novelia McArtan','2nd Floor','2023-11-24',1,'F','Married','09348901234','Faunie Warfield','09171234567','Friend','2025-09-07 22:43:57'),(1108,'Ronny McDugal','Room 1703','2023-12-01',1,'M','Widowed','09348901234','Pammi Bonsul','09215678901','Father','2025-09-07 22:43:57'),(1109,'Abner Drinkel','Apt 1602','2021-06-04',4,'F','Single','09215678901','Berti Smart','09171234567','Child','2025-09-07 22:43:57'),(1110,'Robinett Paunton','Room 1915','2017-08-26',8,'F','Married','09348901234','Trumann Thying','09348901234','Child','2025-09-07 22:43:57'),(1111,'Bealle Biss','PO Box 65759','2016-07-19',9,'F','Married','09348901234','Tanitansy Titheridge','09171234567','Father','2025-09-07 22:43:57'),(1112,'Anet Cahey','4th Floor','2019-01-16',6,'M','Widowed','09171234567','Bondy Broader','09171234567','Father','2025-09-07 22:43:57'),(1113,'Ree McGillacoell','Room 275','2025-04-14',0,'M','Widowed','09171234567','Katleen Wilshin','09171234567','Mother','2025-09-07 22:43:57'),(1114,'Rice Blazdell','Room 693','2015-09-07',10,'F','Single','09171234567','Blanche Domokos','09348901234','Friend','2025-09-07 22:43:57'),(1115,'Belia Fawke','PO Box 40083','2019-05-16',6,'M','Married','09171234567','Elizabeth Ellacott','09171234567','Mother','2025-09-07 22:43:57'),(1116,'Ritchie Pearton','PO Box 3842','2021-06-12',4,'F','Widowed','09171234567','Ethel Feragh','09348901234','Spouse','2025-09-07 22:43:57'),(1117,'Morris Fritschmann','10th Floor','2020-03-09',5,'M','Single','09348901234','Jaquenetta Meacher','09171234567','Sibling','2025-09-07 22:43:57'),(1118,'Joye Warkup','Room 1443','2016-10-15',8,'F','Widowed','09171234567','Rafe Gibbons','09171234567','Mother','2025-09-07 22:43:57'),(1119,'Cull Gilstoun','8th Floor','2019-08-17',6,'F','Widowed','09348901234','Lief Adderley','09348901234','Father','2025-09-07 22:43:57'),(1120,'Sallie Olle','Room 1332','2018-01-15',7,'M','Widowed','09171234567','Jaye Kinge','09171234567','Child','2025-09-07 22:43:57'),(1121,'Kary Paschek','Room 150','2021-01-31',4,'F','Widowed','09348901234','Sonja Kennermann','09215678901','Friend','2025-09-07 22:43:57'),(1122,'Gabriel Pitchers','Room 334','2016-05-05',9,'M','Married','09348901234','Jammal Scimonelli','09171234567','Spouse','2025-09-07 22:43:57'),(1123,'Leeland Clacson','Apt 855','2024-09-03',1,'M','Widowed','09215678901','Philip Sineath','09215678901','Friend','2025-09-07 22:43:57'),(1124,'Leslie Edison','PO Box 21944','2017-09-06',8,'M','Single','09348901234','Roseann Elcomb','09215678901','Friend','2025-09-07 22:43:57'),(1125,'Roberta McMackin','Suite 47','2016-08-02',9,'M','Single','09215678901','Lothaire Verecker','09171234567','Spouse','2025-09-07 22:43:57'),(1126,'Carissa Harbor','Apt 1272','2025-07-19',0,'F','Single','09215678901','Brade Staden','09171234567','Father','2025-09-07 22:43:57'),(1127,'Barret Goulthorp','Apt 322','2017-01-29',8,'M','Widowed','09215678901','Toma Titmus','09348901234','Child','2025-09-07 22:43:57'),(1128,'Fairleigh Buss','Room 908','2017-02-21',8,'M','Widowed','09348901234','Rubetta Illiston','09348901234','Friend','2025-09-07 22:43:57'),(1129,'Darrin Parnby','PO Box 42033','2025-01-10',0,'M','Single','09348901234','Charlotta Vosper','09348901234','Sibling','2025-09-07 22:43:57'),(1130,'Vikky Shee','11th Floor','2015-08-30',10,'F','Widowed','09215678901','Salmon Von Helmholtz','09171234567','Friend','2025-09-07 22:43:57'),(1131,'Gavrielle Agent','Room 1826','2021-07-11',4,'F','Married','09215678901','Mill Dudley','09171234567','Sibling','2025-09-07 22:43:57'),(1132,'Marten Falkner','Room 363','2023-10-04',1,'M','Married','09171234567','Berk Dulling','09215678901','Father','2025-09-07 22:43:57'),(1133,'Ripley Crapper','PO Box 25859','2021-02-02',4,'F','Married','09348901234','Rosaline Cominello','09171234567','Mother','2025-09-07 22:43:57'),(1134,'Dredi Apark','PO Box 1701','2021-07-04',4,'F','Single','09171234567','Juditha Jimeno','09171234567','Friend','2025-09-07 22:43:57'),(1135,'Kamila Rathe','Suite 90','2024-07-30',1,'M','Widowed','09215678901','Wylma McCallion','09215678901','Spouse','2025-09-07 22:43:57'),(1136,'Nickolaus Van Leijs','PO Box 19123','2025-08-25',0,'M','Single','09215678901','Jaquenetta Sings','09348901234','Father','2025-09-07 22:43:57'),(1137,'Carita Andriveaux','19th Floor','2018-02-13',7,'F','Married','09215678901','Bald Bremmer','09215678901','Father','2025-09-07 22:43:57'),(1138,'Reinald Klehn','PO Box 24669','2016-07-08',9,'F','Widowed','09348901234','Tierney Cornfield','09171234567','Father','2025-09-07 22:43:57'),(1139,'Hayden Ciobotaru','Room 393','2016-08-21',9,'M','Single','09348901234','Garik Soutar','09215678901','Father','2025-09-07 22:43:57'),(1140,'Jamie Haken','Apt 601','2015-12-03',9,'M','Widowed','09215678901','Mark Hiddersley','09215678901','Child','2025-09-07 22:43:57'),(1141,'Jayme Elleray','9th Floor','2021-01-28',4,'F','Single','09171234567','Lazarus Ferrario','09348901234','Friend','2025-09-07 22:43:57'),(1142,'Zarah Jouanny','Suite 70','2025-08-09',0,'F','Single','09348901234','Linda Kemish','09348901234','Sibling','2025-09-07 22:43:57'),(1143,'Hazel Janz','20th Floor','2023-06-07',2,'F','Single','09171234567','Etheline Jaram','09171234567','Father','2025-09-07 22:43:57'),(1144,'Magda Mallett','Suite 53','2016-01-07',9,'M','Single','09348901234','Verina Cartwight','09215678901','Spouse','2025-09-07 22:43:57'),(1145,'Cilka Amerighi','Room 427','2015-05-27',10,'F','Married','09215678901','Babbie McLachlan','09171234567','Sibling','2025-09-07 22:43:57'),(1146,'Hube Tearle','PO Box 17504','2021-08-26',4,'F','Single','09171234567','Lanita Oxton','09171234567','Child','2025-09-07 22:43:57'),(1147,'Lurline Howgill','18th Floor','2017-01-25',8,'F','Widowed','09171234567','Pauli Kwiek','09171234567','Mother','2025-09-07 22:43:57'),(1148,'Andy Byrde','Apt 1988','2017-11-25',7,'M','Single','09348901234','Greta Maplethorpe','09215678901','Spouse','2025-09-07 22:43:57'),(1149,'Evelin Shorter','Room 1320','2016-11-13',8,'F','Widowed','09215678901','Archibaldo Spragge','09348901234','Friend','2025-09-07 22:43:57'),(1150,'Rickey Alexandrou','Suite 45','2022-04-19',3,'M','Married','09215678901','Jerrie Peascod','09215678901','Spouse','2025-09-07 22:43:57'),(1151,'Elspeth Massingberd','Room 1805','2025-01-07',0,'F','Widowed','09215678901','Giffy Pollins','09215678901','Friend','2025-09-07 22:43:57'),(1152,'Cammie Tattershall','PO Box 32065','2015-02-05',10,'M','Widowed','09348901234','Cello Hasson','09171234567','Friend','2025-09-07 22:43:57'),(1153,'Fredrika Sheering','Suite 56','2014-12-16',10,'M','Single','09215678901','Bendite Beaven','09171234567','Mother','2025-09-07 22:43:57'),(1154,'Liva Barthelmes','PO Box 29692','2020-05-27',5,'M','Single','09171234567','Dell Batchan','09171234567','Father','2025-09-07 22:43:57'),(1155,'Cyrus Edelman','Apt 647','2015-09-08',10,'M','Married','09171234567','Hillary McOmish','09215678901','Friend','2025-09-07 22:43:57'),(1156,'Aurore Kelleher','Room 610','2014-09-25',10,'M','Single','09215678901','Blakeley Taw','09171234567','Mother','2025-09-07 22:43:57'),(1157,'Cass McGriffin','PO Box 38858','2017-12-06',7,'F','Single','09215678901','Adriaens Sidebottom','09171234567','Spouse','2025-09-07 22:43:57'),(1158,'Ara Cearley','16th Floor','2015-04-08',10,'M','Widowed','09171234567','Zackariah Thickins','09215678901','Father','2025-09-07 22:43:57'),(1159,'Celestyna Sinisbury','Room 607','2023-12-12',1,'F','Widowed','09215678901','Helen-elizabeth Brugsma','09215678901','Sibling','2025-09-07 22:43:57'),(1160,'Spense Estoile','PO Box 69075','2018-02-07',7,'F','Widowed','09171234567','Hort Sinderson','09215678901','Mother','2025-09-07 22:43:57'),(1161,'Aldus Connors','4th Floor','2020-06-06',5,'M','Married','09215678901','Hastie Chennells','09215678901','Mother','2025-09-07 22:43:57'),(1162,'Rolland Kornilyev','Suite 56','2016-10-23',8,'M','Married','09348901234','Danell Garett','09348901234','Child','2025-09-07 22:43:57'),(1163,'Gilli Edler','16th Floor','2016-08-03',9,'M','Single','09171234567','Lindsy Carriage','09171234567','Spouse','2025-09-07 22:43:57'),(1164,'Ferrel Kerridge','Room 1117','2024-06-21',1,'F','Single','09215678901','Germain Haw','09348901234','Friend','2025-09-07 22:43:57'),(1165,'Fanya Nowaczyk','3rd Floor','2017-06-28',8,'F','Married','09215678901','Giffard Bouttell','09171234567','Father','2025-09-07 22:43:57'),(1166,'Ibbie Dumbrill','5th Floor','2017-08-17',8,'F','Married','09348901234','Henriette McCorley','09215678901','Child','2025-09-07 22:43:57'),(1167,'Penelope Djordjevic','Suite 85','2020-09-27',4,'M','Widowed','09171234567','Kizzee Edmunds','09348901234','Mother','2025-09-07 22:43:57'),(1168,'Mala Foskett','Apt 1589','2020-10-20',4,'F','Widowed','09215678901','Arlen Sollom','09215678901','Mother','2025-09-07 22:43:57'),(1169,'Florencia Dugan','20th Floor','2018-05-28',7,'M','Married','09348901234','Koral Leathart','09171234567','Sibling','2025-09-07 22:43:57'),(1170,'Ollie Tripean','Apt 1927','2023-10-17',1,'F','Widowed','09348901234','Calla Pessel','09171234567','Spouse','2025-09-07 22:43:57'),(1171,'Dorothea De Atta','Suite 88','2023-11-25',1,'F','Widowed','09215678901','Nikaniki Bakhrushkin','09171234567','Spouse','2025-09-07 22:43:57'),(1172,'Berk Capron','Room 1234','2018-02-13',7,'M','Married','09348901234','Lethia Ericssen','09171234567','Spouse','2025-09-07 22:43:57'),(1173,'Dulcie Stanmer','10th Floor','2016-06-27',9,'F','Widowed','09171234567','Dagmar Shillabear','09171234567','Spouse','2025-09-07 22:43:57'),(1174,'Marty Withers','4th Floor','2019-08-12',6,'M','Married','09215678901','Philippa Bartleman','09171234567','Father','2025-09-07 22:43:57'),(1175,'Mirabella Nys','Apt 917','2017-06-03',8,'F','Single','09171234567','Englebert Siburn','09215678901','Sibling','2025-09-07 22:43:57'),(1176,'Christabel Simonato','Apt 292','2022-04-24',3,'M','Married','09171234567','Kristina Capitano','09215678901','Friend','2025-09-07 22:43:57'),(1177,'Poul McLaine','Apt 505','2022-11-07',2,'M','Single','09215678901','Danette Clac','09348901234','Sibling','2025-09-07 22:43:57'),(1178,'Rodina Ambrogioni','Apt 1545','2025-08-23',0,'F','Single','09171234567','Randene McIlwraith','09171234567','Mother','2025-09-07 22:43:57'),(1179,'Kaila Aurelius','PO Box 39768','2023-05-18',2,'F','Married','09348901234','Kin Habbal','09215678901','Mother','2025-09-07 22:43:57'),(1180,'Mariana Pearn','PO Box 85350','2025-07-21',0,'F','Single','09348901234','Melisent Rushe','09348901234','Spouse','2025-09-07 22:43:57'),(1181,'Dianemarie Redborn','Apt 3','2019-04-12',6,'F','Single','09215678901','Norri Farris','09215678901','Spouse','2025-09-07 22:43:57'),(1182,'Coletta Dumbar','16th Floor','2020-12-26',4,'F','Married','09215678901','Padgett Dibdale','09348901234','Spouse','2025-09-07 22:43:57'),(1183,'Micky Roche','PO Box 72402','2022-05-06',3,'F','Widowed','09348901234','Edyth Pughe','09348901234','Mother','2025-09-07 22:43:57'),(1184,'Alina Simonetto','4th Floor','2020-01-27',5,'F','Widowed','09348901234','Erwin Allison','09215678901','Child','2025-09-07 22:43:57'),(1185,'Irma Lippett','16th Floor','2021-06-18',4,'F','Widowed','09171234567','Lou Daveley','09215678901','Friend','2025-09-07 22:43:57'),(1186,'Ernaline Muehler','Suite 52','2023-09-07',2,'M','Widowed','09348901234','Dee Gwatkins','09348901234','Spouse','2025-09-07 22:43:57'),(1187,'Chuck Fockes','Apt 106','2022-12-20',2,'F','Single','09171234567','Alta Adamides','09215678901','Spouse','2025-09-07 22:43:57'),(1188,'Aurelie Devigne','PO Box 40477','2021-10-16',3,'F','Single','09348901234','Chariot Quainton','09215678901','Friend','2025-09-07 22:43:57'),(1189,'Malvin Vassbender','PO Box 46739','2014-11-29',10,'M','Single','09348901234','Francis Kopps','09348901234','Father','2025-09-07 22:43:57'),(1190,'Iris Menpes','Suite 2','2024-12-29',0,'M','Single','09215678901','Clifford Maliffe','09215678901','Child','2025-09-07 22:43:57'),(1191,'Jada Philimore','Apt 164','2025-04-19',0,'F','Single','09348901234','Frankie Duncan','09348901234','Father','2025-09-07 22:43:57'),(1192,'Caye Abyss','Suite 71','2018-12-15',6,'F','Married','09171234567','Marie-jeanne Backe','09215678901','Friend','2025-09-07 22:43:57'),(1193,'Geri Cowgill','Apt 309','2016-10-16',8,'M','Married','09171234567','Jefferey Geroldi','09348901234','Sibling','2025-09-07 22:43:57'),(1194,'Jsandye Warricker','Suite 4','2018-01-27',7,'F','Married','09348901234','Doralynne Kyffin','09171234567','Friend','2025-09-07 22:43:57'),(1195,'Dukie Licciardiello','Room 1954','2019-07-07',6,'F','Single','09348901234','Willow Strettell','09171234567','Friend','2025-09-07 22:43:57'),(1196,'Cary Crack','Apt 1258','2018-12-02',6,'F','Widowed','09171234567','Lavena Terron','09215678901','Child','2025-09-07 22:43:57'),(1197,'Berri Pestricke','Room 660','2015-10-10',9,'F','Widowed','09171234567','Wandie Formby','09348901234','Child','2025-09-07 22:43:57'),(1198,'Hilde Angier','Apt 707','2016-09-20',8,'M','Married','09215678901','Loutitia Riccio','09171234567','Child','2025-09-07 22:43:57'),(1199,'Shandie Carter','Room 1533','2023-03-10',2,'M','Widowed','09171234567','Corrie Gonnard','09348901234','Child','2025-09-07 22:43:57'),(1200,'Mela Mollatt','5th Floor','2016-02-07',9,'M','Widowed','09348901234','Kaja Sindle','09171234567','Child','2025-09-07 22:43:57'),(1201,'Rochette Brunsden','Room 488','2019-11-15',5,'M','Widowed','09171234567','Sheffield Longo','09348901234','Mother','2025-09-07 22:43:57'),(1202,'Tristan Stegel','2nd Floor','2022-10-29',2,'M','Widowed','09348901234','Fabe Tarbert','09348901234','Father','2025-09-07 22:43:57'),(1203,'Darbie Gynn','Apt 1064','2018-07-15',7,'M','Widowed','09215678901','Ravi Farthin','09348901234','Father','2025-09-07 22:43:57'),(1204,'Lennard Monahan','Room 430','2021-05-15',4,'M','Widowed','09215678901','Craggie Paz','09171234567','Child','2025-09-07 22:43:57'),(1205,'Suzette Ventum','PO Box 52576','2019-07-01',6,'M','Widowed','09171234567','Tybalt Dowson','09215678901','Father','2025-09-07 22:43:57'),(1206,'Noe Grahl','Suite 78','2019-10-29',5,'M','Married','09171234567','Olivette Bende','09171234567','Child','2025-09-07 22:43:57'),(1207,'Winifred Bednall','1st Floor','2023-10-17',1,'F','Widowed','09348901234','Larine Farrey','09171234567','Child','2025-09-07 22:43:57'),(1208,'Inglebert Duggan','Suite 54','2024-03-20',1,'F','Married','09215678901','Lilla Lamp','09348901234','Spouse','2025-09-07 22:43:57'),(1209,'Rock Borman','Room 378','2024-03-23',1,'F','Married','09171234567','Keeley Parish','09215678901','Sibling','2025-09-07 22:43:57'),(1210,'Darla Tretter','PO Box 12945','2020-02-11',5,'F','Widowed','09215678901','Ellynn Dugald','09348901234','Child','2025-09-07 22:43:57'),(1211,'Corrine Guidotti','15th Floor','2017-03-16',8,'F','Married','09171234567','Nellie Mollin','09171234567','Child','2025-09-07 22:43:57'),(1212,'Elli Dyzart','Apt 1517','2021-09-10',4,'M','Single','09171234567','Neala Hackworthy','09348901234','Mother','2025-09-07 22:43:57'),(1213,'Vanni Penswick','PO Box 14877','2021-01-09',4,'M','Married','09348901234','Leroi O\'Flaverty','09171234567','Spouse','2025-09-07 22:43:57'),(1214,'Court Dominicacci','Room 871','2021-04-18',4,'M','Single','09215678901','Sarajane Skitterel','09348901234','Mother','2025-09-07 22:43:57'),(1215,'Marj Filewood','18th Floor','2022-10-16',2,'F','Single','09348901234','Kailey Drabble','09348901234','Friend','2025-09-07 22:43:57'),(1216,'Mirella Whyte','Apt 1574','2024-12-18',0,'M','Widowed','09348901234','Tucky Malone','09171234567','Child','2025-09-07 22:43:57'),(1217,'Noellyn Beaze','PO Box 94009','2023-01-30',2,'M','Single','09215678901','Lindsay Rispen','09348901234','Mother','2025-09-07 22:43:57'),(1218,'Roxanne Twidale','Apt 900','2014-12-26',10,'M','Married','09171234567','Shea Jerosch','09215678901','Father','2025-09-07 22:43:57'),(1219,'Valina Dansey','Apt 734','2023-06-20',2,'M','Married','09171234567','Burl Swinford','09215678901','Spouse','2025-09-07 22:43:57'),(1220,'Helen-elizabeth Shortin','Apt 1017','2020-01-30',5,'F','Single','09215678901','Stacy Drains','09215678901','Friend','2025-09-07 22:43:57'),(1221,'Jae Dutton','Suite 6','2017-11-17',7,'F','Single','09348901234','Merna Mewrcik','09348901234','Spouse','2025-09-07 22:43:57'),(1222,'Padraig Checkley','PO Box 28302','2017-03-11',8,'M','Married','09171234567','Mickey Heggie','09171234567','Father','2025-09-07 22:43:57'),(1223,'Maurits Burnsides','PO Box 6343','2015-11-18',9,'M','Married','09171234567','Elia Gellion','09215678901','Friend','2025-09-07 22:43:57'),(1224,'Tedman Confort','PO Box 80548','2020-08-30',5,'F','Single','09348901234','Nat O\'Doghesty','09215678901','Mother','2025-09-07 22:43:57'),(1225,'Blair Coast','Apt 1889','2020-12-14',4,'M','Widowed','09348901234','Salaidh Penhale','09171234567','Spouse','2025-09-07 22:43:57'),(1226,'Curtice Longmore','8th Floor','2014-09-18',10,'M','Single','09348901234','Benni Syphus','09215678901','Father','2025-09-07 22:43:57'),(1227,'Tamarra Mallam','Apt 726','2023-07-25',2,'M','Widowed','09348901234','Myranda Sandal','09215678901','Mother','2025-09-07 22:43:57'),(1228,'Piper Sides','Room 1695','2024-08-12',1,'M','Married','09215678901','Dena Tremoille','09215678901','Father','2025-09-07 22:43:57'),(1229,'Colan Legges','Suite 45','2018-03-08',7,'M','Married','09348901234','Orella Niblock','09348901234','Spouse','2025-09-07 22:43:57'),(1230,'Emilio Jenicke','PO Box 72205','2020-10-18',4,'M','Married','09171234567','Cathe Wolland','09215678901','Friend','2025-09-07 22:43:57'),(1231,'Aloisia Nicholes','3rd Floor','2023-10-20',1,'F','Widowed','09215678901','Val Treverton','09348901234','Friend','2025-09-07 22:43:57'),(1232,'Dilly Dutton','PO Box 98664','2022-05-13',3,'F','Married','09348901234','Torrey Banbrook','09171234567','Friend','2025-09-07 22:43:57'),(1233,'Queenie O\'Neal','Suite 25','2023-05-23',2,'M','Married','09215678901','Juliane Sandercock','09348901234','Father','2025-09-07 22:43:57'),(1234,'Josephine Davion','Apt 145','2024-05-26',1,'M','Widowed','09171234567','Clementina Lamyman','09215678901','Child','2025-09-07 22:43:57'),(1235,'Roarke Cheng','Suite 2','2015-01-07',10,'M','Single','09171234567','Leopold Bates','09171234567','Spouse','2025-09-07 22:43:57'),(1236,'Benedetta Dwyer','2nd Floor','2025-08-24',0,'F','Widowed','09348901234','Talyah Vernall','09215678901','Father','2025-09-07 22:43:57'),(1237,'Josi Rableau','Apt 164','2016-12-10',8,'F','Married','09215678901','Rochester Leroux','09215678901','Father','2025-09-07 22:43:57'),(1238,'Moses Elsdon','PO Box 60139','2023-05-25',2,'M','Married','09171234567','Tedman Kyngdon','09348901234','Child','2025-09-07 22:43:57'),(1239,'Cecil Kubal','7th Floor','2023-10-18',1,'F','Widowed','09348901234','Nikolaus Hannis','09348901234','Father','2025-09-07 22:43:57'),(1240,'Willamina Rabbage','Room 1638','2015-10-31',9,'M','Widowed','09171234567','Anastassia Noteyoung','09348901234','Sibling','2025-09-07 22:43:57'),(1241,'Wilhelmine Greneham','Room 509','2019-03-24',6,'F','Married','09348901234','Brandise Goodyer','09348901234','Spouse','2025-09-07 22:43:57'),(1242,'Maurise Virgoe','Room 1030','2018-02-05',7,'M','Widowed','09171234567','Maddy Ludgrove','09215678901','Sibling','2025-09-07 22:43:57'),(1243,'Consalve Huggen','PO Box 72979','2024-11-14',0,'M','Married','09348901234','Fayina Burghill','09171234567','Child','2025-09-07 22:43:57'),(1244,'Lynette Stutely','Suite 52','2018-12-02',6,'F','Widowed','09171234567','Bradan Budgen','09171234567','Child','2025-09-07 22:43:57'),(1245,'Cindee Stiegers','Apt 1779','2022-07-18',3,'M','Single','09171234567','Darrel Dumini','09171234567','Spouse','2025-09-07 22:43:57'),(1246,'Marian Readshall','PO Box 50801','2024-02-16',1,'M','Widowed','09171234567','Cody Ullrich','09171234567','Child','2025-09-07 22:43:58'),(1247,'Ode Hardwich','5th Floor','2017-06-12',8,'F','Married','09215678901','Roman Eliasson','09348901234','Mother','2025-09-07 22:43:58'),(1248,'Evanne Asbery','Apt 583','2023-11-20',1,'F','Widowed','09348901234','Mortimer Alessandone','09215678901','Friend','2025-09-07 22:43:58'),(1249,'Clerc Troppmann','15th Floor','2018-11-16',6,'F','Widowed','09215678901','Sula Cadman','09215678901','Spouse','2025-09-07 22:43:58'),(1250,'Yolanthe Mansour','Apt 31','2015-01-05',10,'F','Single','09215678901','Elane Adrien','09215678901','Father','2025-09-07 22:43:58'),(1251,'Jone Morrott','Room 806','2021-01-30',4,'M','Single','09215678901','Maye Mac Geaney','09215678901','Mother','2025-09-07 22:43:58'),(1252,'Vinnie Groucutt','20th Floor','2016-07-02',9,'M','Single','09348901234','Carmela Rylett','09348901234','Spouse','2025-09-07 22:43:58'),(1253,'Skip McDonogh','PO Box 18997','2016-04-23',9,'F','Married','09348901234','Horacio MacPike','09171234567','Mother','2025-09-07 22:43:58'),(1254,'Thaxter Laming','PO Box 41004','2019-01-24',6,'F','Single','09171234567','Saxon McCullock','09215678901','Friend','2025-09-07 22:43:58'),(1255,'Domeniga La Croce','7th Floor','2014-12-05',10,'M','Widowed','09348901234','Tammie Frazer','09215678901','Child','2025-09-07 22:43:58'),(1256,'Halsey Tolumello','Apt 1136','2022-01-21',3,'M','Widowed','09215678901','Ivory Thireau','09348901234','Sibling','2025-09-07 22:43:58'),(1257,'Conny Frenchum','Room 833','2025-05-05',0,'M','Married','09171234567','Cleveland Littrick','09171234567','Child','2025-09-07 22:43:58'),(1258,'Doralynne Frame','Apt 1985','2019-11-17',5,'M','Single','09348901234','Constantine Learmont','09215678901','Friend','2025-09-07 22:43:58'),(1259,'Aida Arpino','Room 1401','2019-05-15',6,'M','Married','09348901234','Agnesse Spittle','09215678901','Sibling','2025-09-07 22:43:58'),(1260,'Humberto Skamell','Room 1225','2022-08-20',3,'F','Single','09215678901','Davey Beeke','09171234567','Friend','2025-09-07 22:43:58'),(1261,'Emmalynn Sreenan','Suite 69','2024-08-01',1,'M','Widowed','09348901234','Ibby Jarman','09171234567','Mother','2025-09-07 22:43:58'),(1262,'Wandis Blaxall','Suite 74','2019-08-19',6,'F','Single','09348901234','Mirella Steanyng','09171234567','Mother','2025-09-07 22:43:58'),(1263,'Hedi Liff','Apt 448','2016-01-16',9,'F','Married','09215678901','Ursola Luddy','09215678901','Spouse','2025-09-07 22:43:58'),(1264,'Benton Benoiton','Room 422','2022-07-22',3,'F','Widowed','09215678901','Florencia Furst','09348901234','Father','2025-09-07 22:43:58'),(1265,'Eloise Meynell','Suite 21','2017-06-29',8,'F','Widowed','09348901234','Terrijo Southers','09348901234','Sibling','2025-09-07 22:43:58'),(1266,'Edy Macia','Room 1347','2024-09-07',1,'F','Widowed','09348901234','Remington Meneer','09215678901','Father','2025-09-07 22:43:58'),(1267,'Lefty Heber','2nd Floor','2018-06-23',7,'F','Widowed','09171234567','Ginny Anton','09348901234','Friend','2025-09-07 22:43:58'),(1268,'Mick Gentil','Suite 53','2018-10-20',6,'F','Widowed','09348901234','Ottilie Malter','09348901234','Sibling','2025-09-07 22:43:58'),(1269,'Nadean Birnie','Room 1443','2019-05-14',6,'F','Married','09215678901','Pyotr Jinkins','09348901234','Spouse','2025-09-07 22:43:58'),(1270,'Keely Fasson','Apt 243','2025-03-16',0,'F','Married','09215678901','Warren Kempshall','09215678901','Sibling','2025-09-07 22:43:58'),(1271,'Kay Fleeman','Apt 1268','2017-12-05',7,'F','Single','09171234567','Blondy Belhome','09348901234','Spouse','2025-09-07 22:43:58'),(1272,'Ginni Kingswell','11th Floor','2021-02-17',4,'F','Married','09215678901','Liza Kilkenny','09215678901','Mother','2025-09-07 22:43:58'),(1273,'Randie Domerq','5th Floor','2014-09-20',10,'M','Single','09215678901','Priscella Mersh','09215678901','Friend','2025-09-07 22:43:58'),(1274,'Butch Dollen','PO Box 93786','2022-01-03',3,'F','Married','09348901234','Ailene McKean','09171234567','Spouse','2025-09-07 22:43:58'),(1275,'Helga Broinlich','13th Floor','2021-09-02',4,'M','Widowed','09348901234','Lilith Langstaff','09171234567','Spouse','2025-09-07 22:43:58'),(1276,'Trever Shuttlewood','Apt 1182','2025-09-02',0,'M','Widowed','09348901234','Toby Kleeman','09348901234','Mother','2025-09-07 22:43:58'),(1277,'Pavla Davern','PO Box 53034','2017-01-14',8,'F','Widowed','09171234567','Thorstein Fillon','09171234567','Friend','2025-09-07 22:43:58'),(1278,'Andeee Nerger','PO Box 60591','2018-01-28',7,'F','Single','09171234567','Farrand Shearme','09348901234','Sibling','2025-09-07 22:43:58'),(1279,'Magdaia Lebbern','Room 3','2015-04-04',10,'F','Married','09215678901','Pavel Muldowney','09171234567','Spouse','2025-09-07 22:43:58'),(1280,'Maddi Dewis','Apt 1687','2018-03-05',7,'M','Single','09348901234','Ambrose Collibear','09348901234','Friend','2025-09-07 22:43:58'),(1281,'Sybilla Simioni','Apt 1406','2015-07-29',10,'F','Widowed','09215678901','Betti Langer','09348901234','Father','2025-09-07 22:43:58'),(1282,'Loree Yitzhakov','Apt 1338','2020-03-18',5,'M','Single','09348901234','Bridgette Crasford','09215678901','Sibling','2025-09-07 22:43:58'),(1283,'Bobette Hurcombe','PO Box 9259','2023-08-18',2,'F','Widowed','09215678901','Sallyanne Union','09171234567','Friend','2025-09-07 22:43:58'),(1284,'Niels Helling','Suite 49','2021-02-09',4,'M','Single','09215678901','Alejandrina Bruyntjes','09215678901','Friend','2025-09-07 22:43:58'),(1285,'Ramona Spragg','6th Floor','2025-05-31',0,'F','Single','09215678901','Camila Tregear','09215678901','Sibling','2025-09-07 22:43:58'),(1286,'Laurena Kellock','Suite 79','2024-06-07',1,'M','Widowed','09215678901','Costa Warin','09171234567','Spouse','2025-09-07 22:43:58'),(1287,'Chloris Blagburn','PO Box 53460','2021-12-22',3,'F','Widowed','09171234567','Cheri Phateplace','09171234567','Mother','2025-09-07 22:43:58'),(1288,'Stacy Waind','Suite 13','2022-05-08',3,'F','Single','09348901234','Matthus Simonetti','09215678901','Friend','2025-09-07 22:43:58'),(1289,'Leora Vasyutichev','Apt 1223','2024-05-12',1,'M','Married','09348901234','Mersey Folder','09215678901','Friend','2025-09-07 22:43:58'),(1290,'Arliene Pinar','Suite 11','2019-03-07',6,'M','Widowed','09348901234','Patrizia Reddel','09171234567','Father','2025-09-07 22:43:58'),(1291,'Aggi Lethley','PO Box 96507','2016-02-04',9,'F','Widowed','09171234567','Had Ridpath','09348901234','Sibling','2025-09-07 22:43:58'),(1292,'Dorene Gellier','Suite 2','2024-06-20',1,'F','Married','09215678901','Theodosia Haffard','09348901234','Sibling','2025-09-07 22:43:58'),(1293,'Saw Pointin','Suite 8','2021-12-15',3,'F','Married','09171234567','Salomone Snuggs','09348901234','Child','2025-09-07 22:43:58'),(1294,'Bea Gealle','Suite 57','2021-01-07',4,'F','Widowed','09171234567','Meredeth Haddeston','09171234567','Child','2025-09-07 22:43:58'),(1295,'Dottie Jehaes','PO Box 79868','2018-10-07',6,'F','Widowed','09348901234','Tabbi Sharrem','09215678901','Father','2025-09-07 22:43:58'),(1296,'Brocky King','Apt 1273','2016-08-03',9,'M','Married','09348901234','Lenka Chamberlayne','09348901234','Mother','2025-09-07 22:43:58'),(1297,'Barry Cloney','Room 1949','2024-08-14',1,'M','Married','09171234567','Pip Lawden','09171234567','Child','2025-09-07 22:43:58'),(1298,'Celestia Drillingcourt','PO Box 97130','2018-12-28',6,'F','Widowed','09348901234','Sianna Iacovolo','09215678901','Father','2025-09-07 22:43:58'),(1299,'Gardener Franckton','17th Floor','2019-07-30',6,'M','Widowed','09348901234','Devy Grover','09348901234','Child','2025-09-07 22:43:58'),(1300,'Justina Dalley','Apt 1001','2017-12-17',7,'F','Married','09348901234','Alfred Sloley','09215678901','Child','2025-09-07 22:43:58'),(1301,'Orelee Kaesmakers','Room 1354','2015-08-11',10,'M','Widowed','09171234567','Dane Martinec','09348901234','Child','2025-09-07 22:43:58'),(1302,'Rosene People','Room 1850','2022-02-02',3,'F','Widowed','09171234567','Reinaldo Arnoud','09171234567','Spouse','2025-09-07 22:43:58'),(1303,'Elizabeth Coot','2nd Floor','2020-07-15',5,'M','Married','09348901234','Pierson Womersley','09348901234','Child','2025-09-07 22:43:58'),(1304,'Raimondo Hanham','Room 1367','2025-05-18',0,'F','Married','09215678901','Barbabas Hambly','09348901234','Friend','2025-09-07 22:43:58'),(1305,'Corenda McMichan','PO Box 10926','2022-05-09',3,'F','Married','09171234567','Demetria Dober','09348901234','Spouse','2025-09-07 22:43:58'),(1306,'Modesty Darrington','Room 1008','2023-03-25',2,'F','Single','09171234567','Halette Botterill','09215678901','Spouse','2025-09-07 22:43:58'),(1307,'Angie Ruppel','Suite 63','2023-06-28',2,'F','Single','09348901234','Sada Ivanets','09171234567','Father','2025-09-07 22:43:58'),(1308,'Carrie Searchfield','Apt 1721','2016-07-13',9,'M','Widowed','09215678901','Raychel Switsur','09171234567','Child','2025-09-07 22:43:58'),(1309,'Ricky Boorman','Apt 1741','2014-10-11',10,'M','Married','09171234567','Jereme Bulfoy','09348901234','Sibling','2025-09-07 22:43:58'),(1310,'Pietro Wong','Suite 17','2021-02-07',4,'F','Single','09171234567','Iorgos Malloch','09348901234','Mother','2025-09-07 22:43:58'),(1311,'Tamarra Culshaw','14th Floor','2023-08-04',2,'M','Widowed','09171234567','Rosalyn Jakes','09348901234','Spouse','2025-09-07 22:43:58'),(1312,'Livvy Birkin','6th Floor','2015-04-26',10,'M','Widowed','09215678901','Essie Davidovich','09171234567','Sibling','2025-09-07 22:43:58'),(1313,'Blondy Tynewell','Suite 34','2022-01-12',3,'M','Widowed','09348901234','Opalina Forrestor','09171234567','Spouse','2025-09-07 22:43:58'),(1314,'Lilly Siggin','1st Floor','2020-04-10',5,'M','Married','09348901234','Virge French','09215678901','Friend','2025-09-07 22:43:58'),(1315,'Edeline Kinchlea','13th Floor','2016-11-19',8,'F','Married','09171234567','Tobit Gozzard','09348901234','Father','2025-09-07 22:43:58'),(1316,'Isa Kayne','Suite 49','2024-02-14',1,'F','Married','09348901234','Nikita Brevetor','09215678901','Mother','2025-09-07 22:43:58'),(1317,'Odessa Nisbith','Suite 51','2025-08-05',0,'M','Single','09171234567','Rouvin Hulks','09171234567','Father','2025-09-07 22:43:58'),(1318,'Junette Beacom','Room 1967','2016-01-06',9,'F','Widowed','09348901234','Ingeberg Donlon','09171234567','Father','2025-09-07 22:43:58'),(1319,'Ardenia Lunbech','Suite 15','2025-01-15',0,'F','Single','09348901234','Sharona O\'Griffin','09215678901','Child','2025-09-07 22:43:58'),(1320,'Dot Brian','PO Box 20810','2024-05-29',1,'F','Widowed','09215678901','Kris Bartolomucci','09348901234','Friend','2025-09-07 22:43:58'),(1321,'Jemmie Ganniclifft','Room 1872','2015-11-25',9,'M','Married','09215678901','Christyna Chamberlen','09215678901','Sibling','2025-09-07 22:43:58'),(1322,'Tana Degoy','16th Floor','2016-08-28',9,'F','Single','09348901234','Erick Jane','09348901234','Friend','2025-09-07 22:43:58'),(1323,'Francklin Golde','Apt 210','2016-08-25',9,'M','Married','09348901234','Catlin Hakonsson','09171234567','Spouse','2025-09-07 22:43:58'),(1324,'Dasha Fluck','Suite 71','2016-07-31',9,'M','Single','09171234567','Wald Gunningham','09171234567','Friend','2025-09-07 22:43:58'),(1325,'Findlay De Simone','Suite 25','2018-10-27',6,'M','Married','09215678901','Madonna Terney','09171234567','Child','2025-09-07 22:43:58'),(1326,'Delores Toplis','11th Floor','2016-02-20',9,'F','Single','09215678901','Ruthanne Dimmock','09348901234','Friend','2025-09-07 22:43:58'),(1327,'Blakeley Dalgardno','Apt 1499','2025-01-27',0,'M','Single','09348901234','Ardelis Storrs','09215678901','Spouse','2025-09-07 22:43:58'),(1328,'Jennifer Kelson','Room 420','2015-04-21',10,'F','Single','09348901234','Ree McClay','09171234567','Sibling','2025-09-07 22:43:58'),(1329,'Sadella Tonry','15th Floor','2020-02-18',5,'M','Married','09348901234','Odell Minihan','09348901234','Sibling','2025-09-07 22:43:58'),(1330,'Rubie Gingles','PO Box 73867','2018-12-12',6,'F','Single','09348901234','Nalani Credland','09215678901','Friend','2025-09-07 22:43:58'),(1331,'Cheslie Fero','Apt 265','2016-06-06',9,'M','Married','09171234567','Leonardo Matura','09171234567','Sibling','2025-09-07 22:43:58'),(1332,'Adrianna Beldham','Apt 313','2019-10-14',5,'M','Single','09215678901','Andi Jirusek','09348901234','Sibling','2025-09-07 22:43:58'),(1333,'Sydel Luthwood','PO Box 42754','2023-05-13',2,'F','Single','09171234567','Linda Foston','09171234567','Friend','2025-09-07 22:43:58'),(1334,'Daveta Woolam','2nd Floor','2017-08-18',8,'F','Married','09348901234','Fax Gillespie','09171234567','Friend','2025-09-07 22:43:58'),(1335,'Kellen Revely','19th Floor','2016-11-18',8,'M','Widowed','09215678901','Megen Outhwaite','09215678901','Spouse','2025-09-07 22:43:58'),(1336,'Ursa Kloisner','PO Box 33056','2016-03-17',9,'F','Widowed','09171234567','Clarabelle Colthurst','09215678901','Child','2025-09-07 22:43:58'),(1337,'Diane Rolf','Suite 59','2016-09-26',8,'F','Widowed','09171234567','Laetitia Coviello','09215678901','Mother','2025-09-07 22:43:58'),(1338,'Lina Likly','Apt 225','2023-12-29',1,'M','Married','09348901234','Kelbee Livingston','09171234567','Sibling','2025-09-07 22:43:58'),(1339,'Melania Crowcher','Room 1446','2015-10-25',9,'M','Widowed','09348901234','Robb Bromby','09348901234','Father','2025-09-07 22:43:58'),(1340,'Darin Antonelli','Apt 324','2022-03-01',3,'F','Widowed','09171234567','Lucian Boobyer','09215678901','Sibling','2025-09-07 22:43:58'),(1341,'Phylys Grange','Room 1389','2022-01-07',3,'F','Single','09348901234','Julieta Goddard','09348901234','Sibling','2025-09-07 22:43:58'),(1342,'Rickie Lilford','5th Floor','2023-02-17',2,'F','Married','09171234567','Adelind Landrick','09171234567','Father','2025-09-07 22:43:58'),(1343,'Kerri Scay','PO Box 46650','2017-04-13',8,'F','Single','09215678901','Archaimbaud Peerless','09215678901','Sibling','2025-09-07 22:43:58'),(1344,'La verne Benfell','PO Box 34737','2020-05-25',5,'M','Widowed','09215678901','Irita Hanes','09215678901','Mother','2025-09-07 22:43:58'),(1345,'Roi Biss','Apt 170','2025-03-02',0,'M','Widowed','09215678901','Lorenzo Treske','09215678901','Child','2025-09-07 22:43:58'),(1346,'Addy Heffernan','PO Box 5806','2015-10-03',9,'M','Single','09348901234','Krysta Jandera','09348901234','Sibling','2025-09-07 22:43:58'),(1347,'Marla Andino','Apt 602','2015-10-11',9,'F','Single','09171234567','Camila Ridgers','09215678901','Spouse','2025-09-07 22:43:58'),(1348,'Kirby Dymond','14th Floor','2022-12-09',2,'F','Married','09348901234','Bella Goulthorp','09215678901','Friend','2025-09-07 22:43:58'),(1349,'Doretta Delgadillo','1st Floor','2016-06-14',9,'F','Widowed','09171234567','Tatiania De Lorenzo','09215678901','Mother','2025-09-07 22:43:58'),(1350,'Gwenni Nelson','Room 1492','2016-03-11',9,'M','Single','09348901234','Elston Becconsall','09171234567','Friend','2025-09-07 22:43:58'),(1351,'Adams Tate','16th Floor','2020-09-23',4,'F','Widowed','09171234567','Maryjo Corradetti','09348901234','Child','2025-09-07 22:43:58'),(1352,'Steffi Sandhill','Suite 55','2025-04-23',0,'M','Single','09171234567','August Guillain','09215678901','Child','2025-09-07 22:43:58'),(1353,'Avigdor Edeler','13th Floor','2019-01-25',6,'M','Married','09171234567','Clemmy Grimwade','09348901234','Spouse','2025-09-07 22:43:58'),(1354,'Marie-ann Paffett','Apt 1565','2018-03-24',7,'M','Married','09171234567','Reed Urry','09348901234','Mother','2025-09-07 22:43:58'),(1355,'Galvan Josland','Suite 46','2023-05-15',2,'F','Widowed','09348901234','Harrie Le Friec','09215678901','Sibling','2025-09-07 22:43:58'),(1356,'Karly Balharrie','Apt 733','2017-06-02',8,'F','Single','09215678901','Philippine Kassel','09215678901','Child','2025-09-07 22:43:58'),(1357,'Daryl Garber','PO Box 97991','2020-12-05',4,'M','Widowed','09348901234','Eldredge Ghiroldi','09171234567','Friend','2025-09-07 22:43:58'),(1358,'Chrissie Piccop','Suite 47','2021-07-26',4,'M','Married','09215678901','Edan Woolbrook','09348901234','Mother','2025-09-07 22:43:58'),(1359,'Vita Jenkyn','Room 671','2017-01-27',8,'M','Widowed','09348901234','Freddie Loads','09171234567','Child','2025-09-07 22:43:58'),(1360,'Norbie Acreman','PO Box 89754','2024-05-06',1,'F','Married','09215678901','Mill Haston','09171234567','Child','2025-09-07 22:43:58'),(1361,'Thomasine Verryan','Room 1694','2024-08-11',1,'M','Single','09215678901','Florina Thornber','09171234567','Sibling','2025-09-07 22:43:58'),(1362,'Nerita Goard','Suite 25','2023-09-23',1,'M','Married','09215678901','Gaven Doret','09348901234','Child','2025-09-07 22:43:58'),(1363,'Judon Conroy','PO Box 67730','2015-11-30',9,'F','Single','09215678901','Kathleen Bachura','09215678901','Child','2025-09-07 22:43:58'),(1364,'Madalena Sibery','13th Floor','2025-02-07',0,'M','Widowed','09348901234','Cozmo Gilbey','09171234567','Sibling','2025-09-07 22:43:58'),(1365,'Ron Restill','Apt 1866','2024-05-22',1,'F','Married','09215678901','Gray Kringe','09171234567','Mother','2025-09-07 22:43:58'),(1366,'Francesca McGuiness','Apt 530','2024-02-20',1,'M','Widowed','09215678901','Hendrick Hurdiss','09171234567','Sibling','2025-09-07 22:43:58'),(1367,'Avie Minett','Room 491','2018-10-16',6,'M','Single','09348901234','Kaye Rivilis','09171234567','Mother','2025-09-07 22:43:58'),(1368,'Alex Crowcher','PO Box 53800','2016-12-05',8,'F','Single','09215678901','Lin Eves','09348901234','Mother','2025-09-07 22:43:58'),(1369,'Sibeal Samett','Suite 67','2022-08-11',3,'M','Married','09348901234','Antonius Juschke','09171234567','Sibling','2025-09-07 22:43:58'),(1370,'Michelina Baggelley','Apt 1388','2016-07-25',9,'M','Married','09215678901','Isak Guinn','09171234567','Child','2025-09-07 22:43:58'),(1371,'Viviana Stennes','Suite 98','2017-12-12',7,'F','Single','09348901234','Ardath Dunnet','09348901234','Sibling','2025-09-07 22:43:58'),(1372,'Gretchen Allridge','Suite 24','2016-10-22',8,'M','Married','09171234567','Wyn Howitt','09171234567','Child','2025-09-07 22:43:58'),(1373,'Leda Nannizzi','Suite 19','2014-11-14',10,'F','Single','09171234567','Hildagard Manuel','09215678901','Spouse','2025-09-07 22:43:58'),(1374,'Alec Lamkin','Suite 71','2021-06-19',4,'F','Widowed','09215678901','Ardra Jerdein','09171234567','Spouse','2025-09-07 22:43:58'),(1375,'Salaidh Alvares','Apt 505','2022-09-18',2,'F','Single','09171234567','Jeremiah Fluger','09348901234','Spouse','2025-09-07 22:43:58'),(1376,'Kaila Beumant','PO Box 71263','2015-07-11',10,'M','Married','09171234567','Brendon Lecordier','09171234567','Mother','2025-09-07 22:43:58'),(1377,'Had Wilmot','PO Box 67262','2014-12-19',10,'M','Widowed','09215678901','Bari Bowcock','09171234567','Father','2025-09-07 22:43:58'),(1378,'Loella Dukesbury','13th Floor','2015-11-01',9,'M','Married','09215678901','Tremain Ditter','09171234567','Spouse','2025-09-07 22:43:58'),(1379,'Amara Andrew','Room 1609','2015-06-01',10,'F','Single','09348901234','Chad Kayley','09171234567','Sibling','2025-09-07 22:43:58'),(1380,'Trevar Ahern','PO Box 92981','2022-04-08',3,'F','Widowed','09348901234','Hesther Addison','09215678901','Mother','2025-09-07 22:43:58'),(1381,'Danny Dyson','Room 345','2016-07-28',9,'F','Widowed','09348901234','Karlene Juliano','09215678901','Friend','2025-09-07 22:43:58'),(1382,'Devon Fardon','PO Box 94966','2019-04-26',6,'M','Single','09215678901','Kattie Ould','09348901234','Father','2025-09-07 22:43:58'),(1383,'Sarette Rubenczyk','11th Floor','2018-07-25',7,'M','Married','09171234567','Marty De La Salle','09215678901','Father','2025-09-07 22:43:58'),(1384,'Foss Bizzey','PO Box 53681','2017-12-07',7,'M','Widowed','09215678901','Clementina L\'Archer','09215678901','Friend','2025-09-07 22:43:58'),(1385,'Juditha Doubleday','PO Box 62635','2016-08-26',9,'M','Widowed','09171234567','Berty Heard','09215678901','Sibling','2025-09-07 22:43:58'),(1386,'Regine McCaughan','Room 17','2019-07-31',6,'F','Single','09171234567','Gui Loton','09215678901','Spouse','2025-09-07 22:43:58'),(1387,'Imelda Ollenbuttel','9th Floor','2016-08-01',9,'M','Single','09171234567','Cooper Bartak','09215678901','Father','2025-09-07 22:43:58'),(1388,'Wynn Oglesbee','PO Box 57222','2025-03-21',0,'F','Married','09215678901','Jill Toghill','09215678901','Sibling','2025-09-07 22:43:58'),(1389,'Marlie Fielders','Apt 359','2017-04-12',8,'F','Married','09215678901','Derron Baile','09215678901','Spouse','2025-09-07 22:43:58'),(1390,'Lucais Handlin','PO Box 35118','2024-05-01',1,'F','Widowed','09215678901','Kyle Ludovici','09215678901','Father','2025-09-07 22:43:58'),(1391,'Cordy Pellman','Suite 36','2018-10-05',6,'F','Single','09171234567','Rosalynd Gurnell','09215678901','Mother','2025-09-07 22:43:58'),(1392,'Bernie Gonnel','Apt 1835','2019-05-08',6,'M','Married','09348901234','Adriane Teek','09171234567','Friend','2025-09-07 22:43:58'),(1393,'Shanna Klaessen','6th Floor','2015-06-20',10,'M','Married','09171234567','Maryrose Gullam','09215678901','Spouse','2025-09-07 22:43:58'),(1394,'Tabby Kippins','PO Box 48347','2020-06-30',5,'F','Widowed','09171234567','Genny Wheeliker','09348901234','Sibling','2025-09-07 22:43:58'),(1395,'Lazare Ricardo','8th Floor','2021-09-30',3,'F','Widowed','09171234567','Gardner Slyme','09348901234','Mother','2025-09-07 22:43:58'),(1396,'Barclay Keunemann','20th Floor','2021-01-18',4,'M','Married','09348901234','Asher Shiels','09348901234','Mother','2025-09-07 22:43:58'),(1397,'Vere Warmisham','Apt 1445','2024-08-19',1,'M','Widowed','09348901234','Alta Husband','09348901234','Father','2025-09-07 22:43:58'),(1398,'Callie Plewman','Apt 40','2023-11-25',1,'F','Single','09171234567','Natalina Caine','09348901234','Friend','2025-09-07 22:43:58'),(1399,'Holmes Godspeede','12th Floor','2017-08-12',8,'F','Widowed','09171234567','Griffith Greetland','09215678901','Mother','2025-09-07 22:43:58'),(1400,'Kit Inchbald','14th Floor','2024-07-22',1,'M','Widowed','09215678901','Yule Collingworth','09171234567','Child','2025-09-07 22:43:58'),(1401,'Veronica Swithenby','Room 1280','2017-07-17',8,'F','Widowed','09215678901','Eliza Albisser','09171234567','Child','2025-09-07 22:43:58'),(1402,'Alvie Dumbrall','Suite 21','2014-10-08',10,'F','Single','09171234567','Trever Coles','09171234567','Sibling','2025-09-07 22:43:58'),(1403,'Jedidiah Edworthie','Suite 12','2017-11-24',7,'M','Single','09215678901','Dani Miguet','09215678901','Spouse','2025-09-07 22:43:58'),(1404,'Katti Musterd','Room 1655','2015-12-09',9,'F','Married','09171234567','Denny Bercher','09348901234','Sibling','2025-09-07 22:43:58'),(1405,'Kermy Penley','19th Floor','2020-05-18',5,'F','Single','09348901234','Bennie O\'Neil','09215678901','Father','2025-09-07 22:43:58'),(1406,'Jessica Jendrich','Suite 89','2015-05-05',10,'M','Married','09348901234','Hillier Unger','09171234567','Sibling','2025-09-07 22:43:58'),(1407,'Michaelina Zamora','16th Floor','2021-11-18',3,'F','Single','09348901234','Austin Chomicki','09348901234','Spouse','2025-09-07 22:43:58'),(1408,'Parry Tretwell','4th Floor','2016-08-31',9,'M','Single','09215678901','Annabal Slayford','09348901234','Spouse','2025-09-07 22:43:58'),(1409,'Egan Bradock','Apt 1409','2022-05-16',3,'F','Married','09171234567','Amalie O\'Teague','09348901234','Sibling','2025-09-07 22:43:58'),(1410,'Dela Bromige','Room 1892','2021-06-15',4,'F','Widowed','09215678901','Lorie Jockle','09215678901','Father','2025-09-07 22:43:58'),(1411,'Jacob Tubble','PO Box 60555','2024-02-27',1,'M','Widowed','09348901234','Brandy Snell','09348901234','Spouse','2025-09-07 22:43:58'),(1412,'Ivonne Gregoletti','Suite 20','2025-01-10',0,'M','Single','09348901234','Alex Vanin','09215678901','Spouse','2025-09-07 22:43:58'),(1413,'Dun Impy','Apt 554','2015-04-12',10,'F','Married','09171234567','Kristyn Kersaw','09171234567','Mother','2025-09-07 22:43:58'),(1414,'Muire Milkeham','Suite 82','2017-08-15',8,'M','Widowed','09171234567','Rice Kipping','09171234567','Spouse','2025-09-07 22:43:58'),(1415,'Alexandros Sell','Room 601','2015-06-15',10,'F','Single','09215678901','Kiele Seavers','09171234567','Sibling','2025-09-07 22:43:58'),(1416,'Corny Flaxman','Apt 1554','2020-10-13',4,'F','Married','09215678901','Alexa Menichi','09171234567','Spouse','2025-09-07 22:43:58'),(1417,'Arlena Beyne','19th Floor','2021-06-01',4,'F','Widowed','09171234567','Alfonso Meatyard','09348901234','Spouse','2025-09-07 22:43:58'),(1418,'Dedra Harradine','PO Box 82610','2022-01-01',3,'F','Widowed','09215678901','Junette Gladhill','09215678901','Friend','2025-09-07 22:43:58'),(1419,'Worth Hartford','Apt 748','2023-11-08',1,'M','Married','09215678901','Sunny Foat','09215678901','Mother','2025-09-07 22:43:58'),(1420,'Reidar Pinner','Suite 95','2021-02-22',4,'F','Married','09348901234','Alano Yegorovnin','09171234567','Mother','2025-09-07 22:43:58'),(1421,'Agathe McAneny','Suite 41','2025-03-23',0,'M','Single','09171234567','Dahlia Bramstom','09171234567','Spouse','2025-09-07 22:43:58'),(1422,'Benedicto Michallat','Suite 95','2015-03-05',10,'F','Married','09348901234','Carmita Tomney','09348901234','Mother','2025-09-07 22:43:58'),(1423,'Harman Lutzmann','Apt 1239','2020-12-21',4,'M','Single','09171234567','Bealle Swynley','09171234567','Father','2025-09-07 22:43:58'),(1424,'Brier Van der Kruijs','5th Floor','2017-10-01',7,'M','Widowed','09171234567','Inglebert Gimblett','09171234567','Sibling','2025-09-07 22:43:58'),(1425,'Sunny Rafe','PO Box 71926','2021-04-27',4,'M','Widowed','09171234567','Gerick Balderson','09348901234','Friend','2025-09-07 22:43:58'),(1426,'Stefanie Merigon','14th Floor','2021-11-10',3,'F','Married','09215678901','Errol Caulcott','09171234567','Father','2025-09-07 22:43:58'),(1427,'Caleb Grece','Room 1782','2021-01-22',4,'M','Widowed','09171234567','Alayne Casone','09215678901','Friend','2025-09-07 22:43:58'),(1428,'Gerard McIllroy','Room 874','2018-09-23',6,'M','Married','09171234567','Julita Dunaway','09348901234','Sibling','2025-09-07 22:43:58'),(1429,'Idette Mosedall','Apt 702','2016-02-24',9,'M','Single','09348901234','Micheil Styant','09348901234','Child','2025-09-07 22:43:58'),(1430,'Ingmar Keddey','Apt 619','2015-01-18',10,'F','Single','09171234567','Lauren Taile','09171234567','Spouse','2025-09-07 22:43:58'),(1431,'Orren Dallosso','Apt 1912','2019-02-07',6,'F','Married','09171234567','Aurora Kibbel','09348901234','Mother','2025-09-07 22:43:58'),(1432,'Perrine Eaglesham','PO Box 13466','2021-10-20',3,'M','Married','09215678901','Ardisj Crotty','09215678901','Sibling','2025-09-07 22:43:58'),(1433,'Trev Atteridge','Room 597','2025-02-08',0,'M','Married','09215678901','Briana Sainsberry','09171234567','Spouse','2025-09-07 22:43:58'),(1434,'Adi Coggin','Apt 1076','2021-08-27',4,'F','Married','09215678901','Dodie Fencott','09215678901','Child','2025-09-07 22:43:58'),(1435,'Tammie Marguerite','4th Floor','2024-04-13',1,'F','Single','09348901234','Robbi Kinnane','09215678901','Spouse','2025-09-07 22:43:58'),(1436,'Meir Stitch','16th Floor','2022-12-31',2,'F','Widowed','09348901234','Biddie De Pietri','09171234567','Mother','2025-09-07 22:43:58'),(1437,'Wilburt Dunkley','Room 970','2021-06-15',4,'M','Married','09171234567','Trevar Starford','09171234567','Child','2025-09-07 22:43:58'),(1438,'Beatriz Bessent','PO Box 46280','2025-07-07',0,'M','Single','09171234567','Alphard Geggie','09171234567','Father','2025-09-07 22:43:58'),(1439,'Sibilla Peplay','Room 402','2020-02-01',5,'F','Widowed','09171234567','Zaccaria Feathers','09348901234','Mother','2025-09-07 22:43:58'),(1440,'Emelyne Sandey','Apt 1668','2025-08-15',0,'M','Married','09171234567','Gannie Larsen','09348901234','Sibling','2025-09-07 22:43:58'),(1441,'Lou Luckwell','Suite 58','2019-09-09',6,'F','Widowed','09215678901','Nisse Iverson','09215678901','Mother','2025-09-07 22:43:58'),(1442,'Geoff Benedicte','Room 613','2015-09-15',9,'M','Widowed','09348901234','Any Bein','09348901234','Friend','2025-09-07 22:43:58'),(1443,'Aylmer McCallister','PO Box 9348','2017-05-19',8,'F','Married','09348901234','Briney Rickesies','09171234567','Spouse','2025-09-07 22:43:58'),(1444,'Torry Rimington','Room 320','2020-11-06',4,'F','Married','09171234567','Germain Tong','09215678901','Spouse','2025-09-07 22:43:58'),(1445,'Freddy Salman','PO Box 82278','2021-12-02',3,'F','Widowed','09171234567','Josy Stapele','09215678901','Child','2025-09-07 22:43:58'),(1446,'Dimitri Greed','Apt 99','2024-12-31',0,'F','Married','09348901234','Zabrina Handrok','09348901234','Child','2025-09-07 22:43:58'),(1447,'Eustace Vurley','15th Floor','2020-06-15',5,'F','Married','09215678901','Megen Babalola','09215678901','Mother','2025-09-07 22:43:58'),(1448,'Any Cicchetto','PO Box 55751','2018-10-28',6,'M','Married','09348901234','Sinclair Unitt','09348901234','Mother','2025-09-07 22:43:58'),(1449,'Christal Kadd','PO Box 13083','2018-10-11',6,'F','Widowed','09348901234','Brita Corness','09215678901','Child','2025-09-07 22:43:58'),(1450,'Frankie Olufsen','Suite 54','2024-09-13',1,'F','Single','09171234567','Roderick Tolcher','09171234567','Sibling','2025-09-07 22:43:58'),(1451,'Jeddy Whyley','PO Box 19912','2018-05-30',7,'F','Widowed','09348901234','Anthiathia Fitzgerald','09171234567','Mother','2025-09-07 22:43:58'),(1452,'Natal Hoofe','Apt 305','2017-04-09',8,'M','Widowed','09215678901','Valaria Oleszczak','09215678901','Mother','2025-09-07 22:43:58'),(1453,'Holli Stoner','Apt 906','2018-02-15',7,'M','Single','09215678901','Giulia Braz','09171234567','Sibling','2025-09-07 22:43:58'),(1454,'Agosto Dametti','PO Box 24798','2018-10-25',6,'M','Single','09171234567','Cathe Hardiman','09171234567','Father','2025-09-07 22:43:58'),(1455,'Drew Donaldson','Room 767','2018-07-23',7,'F','Widowed','09171234567','Kiel Lopez','09348901234','Child','2025-09-07 22:43:58'),(1456,'Gwyn Misson','Suite 94','2021-12-21',3,'F','Widowed','09348901234','Gustavus Hawton','09215678901','Spouse','2025-09-07 22:43:58'),(1457,'Damara Youles','11th Floor','2018-10-05',6,'F','Married','09348901234','Klara Gard','09348901234','Father','2025-09-07 22:43:58'),(1458,'Stepha Powling','Apt 918','2023-05-02',2,'M','Single','09171234567','Lelia Mifflin','09215678901','Mother','2025-09-07 22:43:58'),(1459,'Doti Scrancher','Apt 1670','2024-04-18',1,'M','Single','09171234567','Cordy Brower','09215678901','Child','2025-09-07 22:43:58'),(1460,'Matty Hencke','Suite 44','2020-02-15',5,'F','Widowed','09215678901','Timmy Sherrin','09171234567','Friend','2025-09-07 22:43:58'),(1461,'Emilee Aloshikin','PO Box 49084','2015-03-23',10,'M','Married','09348901234','Briant Quenby','09215678901','Friend','2025-09-07 22:43:58'),(1462,'Marcia Trippack','PO Box 89190','2022-02-22',3,'F','Widowed','09348901234','Opaline Widmoor','09171234567','Child','2025-09-07 22:43:58'),(1463,'Adrianna Jeves','7th Floor','2019-10-29',5,'M','Widowed','09171234567','Timmy Jahnel','09171234567','Child','2025-09-07 22:43:58'),(1464,'Tallia Ross','11th Floor','2023-07-02',2,'F','Single','09348901234','Dunn Cornford','09171234567','Sibling','2025-09-07 22:43:58'),(1465,'Lana Maplethorpe','Suite 56','2019-11-26',5,'M','Widowed','09215678901','Gordon Mawby','09215678901','Father','2025-09-07 22:43:58'),(1466,'Darrel Keigher','Apt 433','2024-01-21',1,'M','Married','09171234567','Alane Dunguy','09171234567','Friend','2025-09-07 22:43:58'),(1467,'Melissa Bachmann','Suite 75','2016-03-03',9,'M','Married','09171234567','Kevan Buer','09348901234','Father','2025-09-07 22:43:58'),(1468,'Mallory Normavell','PO Box 44789','2020-06-30',5,'F','Married','09215678901','Elvira Jago','09348901234','Child','2025-09-07 22:43:58'),(1469,'Brianne Murton','19th Floor','2015-12-30',9,'F','Widowed','09171234567','Dori Cayle','09171234567','Friend','2025-09-07 22:43:58'),(1470,'Garald Jakubovicz','Suite 6','2018-03-30',7,'M','Widowed','09348901234','Matthew Duddan','09171234567','Father','2025-09-07 22:43:58'),(1471,'Illa Slatter','Apt 510','2019-06-18',6,'M','Widowed','09348901234','Toma Burnet','09215678901','Mother','2025-09-07 22:43:58'),(1472,'Tilda Le Barr','19th Floor','2021-05-30',4,'F','Married','09171234567','Aloisia Ledbury','09171234567','Mother','2025-09-07 22:43:58'),(1473,'Gus Staries','Room 904','2017-12-18',7,'M','Single','09171234567','Kip Commusso','09171234567','Mother','2025-09-07 22:43:58'),(1474,'Brandea Ors','Room 560','2020-05-04',5,'F','Single','09215678901','Charmian Zavattiero','09171234567','Spouse','2025-09-07 22:43:58'),(1475,'Ketty Skirven','Room 357','2019-11-27',5,'M','Widowed','09348901234','Marla Romanet','09348901234','Child','2025-09-07 22:43:58'),(1476,'Eleanore Pechet','Room 1495','2018-03-01',7,'M','Widowed','09171234567','Dasha Climpson','09348901234','Father','2025-09-07 22:43:58'),(1477,'Lilas Magrane','Apt 863','2022-11-10',2,'F','Single','09171234567','Merlina Cases','09215678901','Mother','2025-09-07 22:43:58'),(1478,'Elwood Cursey','PO Box 64337','2015-08-22',10,'M','Married','09348901234','Gaven Vasilchikov','09171234567','Spouse','2025-09-07 22:43:58'),(1479,'Alejoa Lenox','16th Floor','2021-05-03',4,'M','Married','09348901234','Mireielle Tippler','09215678901','Friend','2025-09-07 22:43:58'),(1480,'Dulcie Botwright','Suite 14','2018-12-18',6,'M','Widowed','09171234567','Trixy Boler','09215678901','Father','2025-09-07 22:43:58'),(1481,'Julee Scotchmoor','Apt 733','2015-11-23',9,'F','Widowed','09171234567','Rhett Bedinn','09348901234','Spouse','2025-09-07 22:43:58'),(1482,'Pietrek Glasscoe','14th Floor','2022-10-25',2,'F','Married','09348901234','Cathleen Battram','09215678901','Father','2025-09-07 22:43:58'),(1483,'Danice Caulkett','Suite 83','2018-06-08',7,'F','Widowed','09215678901','Liane Parsley','09348901234','Father','2025-09-07 22:43:58'),(1484,'Philippe Redhead','Room 1073','2018-08-13',7,'M','Single','09171234567','Karney Fewkes','09348901234','Spouse','2025-09-07 22:43:58'),(1485,'Celina Dayer','Apt 239','2018-12-08',6,'M','Single','09348901234','Honoria Roddie','09215678901','Sibling','2025-09-07 22:43:58'),(1486,'Timoteo Normanville','Room 650','2021-04-21',4,'F','Single','09348901234','Corissa Satterfitt','09171234567','Sibling','2025-09-07 22:43:58'),(1487,'Wendy Kincla','PO Box 2429','2024-10-13',0,'F','Married','09171234567','Francisco Gildersleeve','09215678901','Mother','2025-09-07 22:43:58'),(1488,'Maressa Wallen','Room 1490','2018-04-08',7,'F','Widowed','09348901234','Dom Dummigan','09348901234','Spouse','2025-09-07 22:43:58'),(1489,'Misha Piwall','17th Floor','2025-05-28',0,'F','Single','09348901234','Nellie Uwins','09215678901','Spouse','2025-09-07 22:43:58'),(1490,'Marlo Ivakhno','PO Box 35606','2024-06-27',1,'M','Widowed','09348901234','Jesselyn Tivenan','09348901234','Mother','2025-09-07 22:43:58'),(1491,'Aurelea Jandak','Room 1679','2020-06-16',5,'F','Widowed','09171234567','Horatio Tomczykowski','09215678901','Friend','2025-09-07 22:43:58'),(1492,'Nydia Ewin','Room 1742','2019-12-21',5,'F','Widowed','09171234567','Clemence Basson','09215678901','Spouse','2025-09-07 22:43:58'),(1493,'Donetta Kenward','8th Floor','2023-07-09',2,'M','Widowed','09171234567','Trudi McFfaden','09348901234','Mother','2025-09-07 22:43:58'),(1494,'Rivkah Evert','Apt 460','2016-01-31',9,'F','Single','09348901234','Marylynne Carsey','09171234567','Sibling','2025-09-07 22:43:58'),(1495,'Miles Kitto','Apt 1102','2021-09-21',3,'M','Widowed','09171234567','Timoteo Quinney','09171234567','Spouse','2025-09-07 22:43:58'),(1496,'Netta Kirkhouse','Room 1244','2023-02-02',2,'F','Married','09215678901','Maryann Barwise','09215678901','Father','2025-09-07 22:43:58'),(1497,'Leila Whewill','Suite 25','2023-10-18',1,'F','Single','09215678901','Tine Bolland','09171234567','Child','2025-09-07 22:43:58'),(1498,'Oswald Gronous','14th Floor','2018-04-06',7,'M','Single','09171234567','Fields Lathbury','09171234567','Friend','2025-09-07 22:43:58'),(1499,'Ferrell Belcham','19th Floor','2019-07-28',6,'M','Married','09171234567','Scott Jeanequin','09171234567','Sibling','2025-09-07 22:43:58'),(1500,'Wylie Heber','Room 823','2020-04-16',5,'F','Single','09171234567','Ingram Maplethorpe','09171234567','Child','2025-09-07 22:43:58'),(1501,'Arie Liddington','PO Box 78922','2021-05-26',4,'M','Single','09215678901','Dionysus Hadkins','09348901234','Child','2025-09-07 22:43:58'),(1502,'Bradney Wandrich','Room 662','2016-10-23',8,'F','Married','09215678901','Dirk Verrills','09348901234','Mother','2025-09-07 22:43:58'),(1503,'Dari Frew','PO Box 32767','2024-08-19',1,'F','Widowed','09171234567','Franciskus Kaplin','09348901234','Father','2025-09-07 22:43:58'),(1504,'Fawnia Winspeare','Apt 491','2021-04-25',4,'M','Widowed','09215678901','Nancee Bisp','09348901234','Child','2025-09-07 22:43:58'),(1505,'Symon Chsteney','18th Floor','2023-01-27',2,'F','Widowed','09171234567','Anny Daugherty','09348901234','Spouse','2025-09-07 22:43:58'),(1506,'Janene Bottoner','17th Floor','2018-11-02',6,'F','Married','09171234567','Joya Nowakowski','09348901234','Friend','2025-09-07 22:43:58'),(1507,'Had Iron','Suite 78','2018-11-11',6,'M','Widowed','09348901234','Chlo Pellett','09348901234','Spouse','2025-09-07 22:43:58'),(1508,'Eleen Snap','Room 903','2019-06-24',6,'M','Widowed','09348901234','Brinn Behr','09348901234','Spouse','2025-09-07 22:43:58'),(1509,'Arnoldo Redsull','Suite 49','2024-01-01',1,'F','Widowed','09171234567','Karlan Swannick','09171234567','Father','2025-09-07 22:43:58'),(1510,'Erin Copsey','Suite 100','2022-09-03',3,'M','Widowed','09215678901','Bambi Farebrother','09348901234','Sibling','2025-09-07 22:43:58'),(1511,'Garald Swatradge','Apt 1167','2019-06-27',6,'F','Single','09171234567','Roosevelt Ginity','09215678901','Sibling','2025-09-07 22:43:58'),(1512,'Melodie Laycock','Room 1303','2016-02-20',9,'M','Married','09215678901','Granthem Staden','09215678901','Mother','2025-09-07 22:43:58'),(1513,'Raoul Oxe','PO Box 26911','2016-11-26',8,'M','Widowed','09171234567','Jeffie Rudloff','09348901234','Sibling','2025-09-07 22:43:58'),(1514,'Corene Gumn','PO Box 58750','2019-12-23',5,'M','Single','09171234567','Melva Henri','09171234567','Father','2025-09-07 22:43:58'),(1515,'Rafferty Sherrard','PO Box 74838','2019-04-04',6,'F','Married','09215678901','Grantley MacLise','09348901234','Friend','2025-09-07 22:43:58'),(1516,'Ginny Haversum','Room 1296','2017-09-28',7,'M','Widowed','09215678901','Valentina Jayme','09171234567','Sibling','2025-09-07 22:43:58'),(1517,'Valentino McMorland','Suite 22','2016-02-29',9,'M','Widowed','09171234567','Reidar Beahan','09171234567','Child','2025-09-07 22:43:58'),(1518,'Minetta Gorler','Suite 46','2017-03-15',8,'M','Widowed','09215678901','Pattie Menelaws','09348901234','Mother','2025-09-07 22:43:58'),(1519,'Jonis Pyle','PO Box 54363','2023-07-01',2,'M','Widowed','09348901234','Leonidas Ridley','09171234567','Child','2025-09-07 22:43:58'),(1520,'Betty Heyfield','PO Box 57254','2017-10-06',7,'F','Married','09348901234','Petr MacAllister','09171234567','Mother','2025-09-07 22:43:58'),(1521,'Damian Luby','Suite 88','2018-12-04',6,'M','Married','09348901234','Crin Lidgley','09215678901','Mother','2025-09-07 22:43:58'),(1522,'Gal Kennifick','PO Box 73082','2018-01-16',7,'M','Widowed','09171234567','Caria Domini','09215678901','Mother','2025-09-07 22:43:58'),(1523,'Currey McCarrell','PO Box 30595','2014-11-24',10,'M','Married','09348901234','Bourke Sawley','09348901234','Mother','2025-09-07 22:43:58'),(1524,'Chancey Brantzen','Room 1622','2019-01-28',6,'M','Widowed','09215678901','Russell Fairbrother','09171234567','Mother','2025-09-07 22:43:58'),(1525,'Claretta Tighe','Suite 40','2023-01-27',2,'M','Married','09348901234','Gerrie Hemshall','09215678901','Mother','2025-09-07 22:43:58'),(1526,'Thorin Snowdon','PO Box 89673','2021-04-21',4,'M','Widowed','09348901234','Aundrea Prue','09215678901','Mother','2025-09-07 22:43:58'),(1527,'Zach Bithany','7th Floor','2015-04-05',10,'F','Widowed','09215678901','Al Pearch','09215678901','Spouse','2025-09-07 22:43:58'),(1528,'Hanna Basden','PO Box 46880','2020-08-21',5,'M','Single','09215678901','Corey Grattan','09171234567','Child','2025-09-07 22:43:58'),(1529,'Laney Ragg','Apt 1647','2016-04-27',9,'M','Widowed','09171234567','Kendre Rama','09215678901','Father','2025-09-07 22:43:58'),(1530,'Brittany Buzzing','Room 1168','2017-09-13',8,'F','Married','09171234567','Umberto Larrosa','09171234567','Spouse','2025-09-07 22:43:58'),(1531,'Sisely Pointer','Room 180','2021-08-19',4,'M','Single','09171234567','Jobie McLinden','09215678901','Sibling','2025-09-07 22:43:58'),(1532,'Cristal Cookman','10th Floor','2022-07-13',3,'F','Widowed','09171234567','Sanders Masseo','09348901234','Sibling','2025-09-07 22:43:58'),(1533,'Torie McCollum','17th Floor','2015-07-19',10,'M','Single','09348901234','Dael Hasley','09348901234','Child','2025-09-07 22:43:58'),(1534,'Tami Smeeton','Room 1421','2020-11-13',4,'M','Widowed','09348901234','Laurianne Rabjohn','09348901234','Mother','2025-09-07 22:43:58'),(1535,'Charmian Astman','13th Floor','2017-12-31',7,'F','Widowed','09348901234','Fanny Berkowitz','09171234567','Friend','2025-09-07 22:43:58'),(1536,'Tabbitha Dietz','1st Floor','2016-04-26',9,'M','Married','09171234567','Gerrard Cornelius','09171234567','Friend','2025-09-07 22:43:58'),(1537,'Broderick Danielot','20th Floor','2016-01-15',9,'F','Single','09348901234','Marcelo Compson','09348901234','Friend','2025-09-07 22:43:58'),(1538,'Parrnell Leidl','Room 1513','2020-04-03',5,'M','Single','09171234567','Bruce Antwis','09215678901','Spouse','2025-09-07 22:43:58'),(1539,'Jerrome Sauvain','PO Box 91480','2017-02-16',8,'M','Single','09215678901','Joseph O\'Mohun','09348901234','Father','2025-09-07 22:43:58'),(1540,'Kaleb Pell','Suite 56','2021-10-14',3,'F','Married','09215678901','Bell Terbeck','09171234567','Child','2025-09-07 22:43:58'),(1541,'Syd Caswall','Apt 310','2020-02-11',5,'F','Married','09215678901','Sarene Charlewood','09215678901','Sibling','2025-09-07 22:43:58'),(1542,'Deloria Gooble','Suite 89','2022-07-21',3,'M','Widowed','09348901234','Valentia Boother','09215678901','Spouse','2025-09-07 22:43:58'),(1543,'Jemima Littrick','Suite 51','2020-08-28',5,'F','Widowed','09348901234','Falito Craney','09348901234','Father','2025-09-07 22:43:58'),(1544,'Laurie Shippey','PO Box 17927','2022-03-27',3,'M','Single','09348901234','Farris Orr','09348901234','Child','2025-09-07 22:43:58'),(1545,'Tim Gonzalo','Apt 1278','2020-03-03',5,'M','Widowed','09171234567','Crysta Beardow','09348901234','Friend','2025-09-07 22:43:58'),(1546,'Dina Norville','Apt 1951','2018-02-11',7,'M','Single','09348901234','Prent Vayro','09171234567','Spouse','2025-09-07 22:43:58'),(1547,'Hilario Jarvie','17th Floor','2019-11-06',5,'M','Single','09171234567','Jennica Butchart','09348901234','Spouse','2025-09-07 22:43:58'),(1548,'Lothario Sudran','Suite 85','2022-05-08',3,'M','Widowed','09348901234','Alissa Watting','09215678901','Father','2025-09-07 22:43:58'),(1549,'Angelo Wagner','Room 814','2021-09-11',4,'F','Single','09348901234','Dorthy Keitch','09348901234','Friend','2025-09-07 22:43:58'),(1550,'Quent Twoohy','Suite 5','2024-06-19',1,'F','Widowed','09348901234','Jorgan Stonier','09348901234','Spouse','2025-09-07 22:43:58'),(1551,'Murial Doxsey','14th Floor','2022-06-10',3,'F','Single','09171234567','Stanleigh Dundridge','09171234567','Mother','2025-09-07 22:43:58'),(1552,'Etan Attride','7th Floor','2015-05-26',10,'M','Single','09348901234','Clifford Asty','09348901234','Spouse','2025-09-07 22:43:58'),(1553,'Devlin Worcs','Apt 1881','2016-06-01',9,'M','Married','09215678901','Ofelia Garrigan','09171234567','Sibling','2025-09-07 22:43:58'),(1554,'Rosabella Emilien','Room 1741','2025-07-29',0,'M','Married','09348901234','Sorcha Ayer','09215678901','Sibling','2025-09-07 22:43:58'),(1555,'Sybil Swinley','Apt 1545','2024-12-07',0,'F','Widowed','09171234567','Joella Gumm','09348901234','Child','2025-09-07 22:43:58'),(1556,'Benson Brooksbie','1st Floor','2016-10-28',8,'M','Married','09215678901','Hortensia Conaghy','09348901234','Father','2025-09-07 22:43:58'),(1557,'Levon Trenholm','4th Floor','2018-09-08',7,'F','Single','09171234567','Bertie Scoyne','09348901234','Sibling','2025-09-07 22:43:58'),(1558,'Ludovico Moffat','Room 232','2015-11-04',9,'M','Single','09215678901','Marietta Hounsom','09348901234','Sibling','2025-09-07 22:43:58'),(1559,'Alexandros Willshear','Suite 95','2020-02-20',5,'F','Widowed','09171234567','Lorettalorna Threadgill','09171234567','Mother','2025-09-07 22:43:58'),(1560,'Purcell Grayland','PO Box 39604','2017-06-21',8,'M','Widowed','09171234567','Carmelia Rivelon','09171234567','Spouse','2025-09-07 22:43:58'),(1561,'Bone Tanswell','Apt 173','2018-08-16',7,'M','Married','09348901234','Allister Morrant','09171234567','Spouse','2025-09-07 22:43:58'),(1562,'Ashlen De Cleyne','Suite 47','2024-05-16',1,'F','Married','09171234567','Allan Decruse','09171234567','Father','2025-09-07 22:43:58'),(1563,'Kath Jeffrey','PO Box 72080','2017-10-04',7,'F','Widowed','09171234567','Ruddie Vasyukov','09215678901','Mother','2025-09-07 22:43:58'),(1564,'Nicky Fewkes','Suite 79','2022-11-21',2,'M','Single','09348901234','Burt Meader','09348901234','Friend','2025-09-07 22:43:58'),(1565,'Pauli Vallintine','Suite 82','2024-10-20',0,'M','Married','09348901234','Charmion Bessey','09348901234','Friend','2025-09-07 22:43:58'),(1566,'Lindy Tebald','20th Floor','2022-09-02',3,'M','Single','09348901234','Emmit Kellog','09348901234','Spouse','2025-09-07 22:43:58'),(1567,'Alyda Wastling','Suite 83','2021-10-19',3,'M','Single','09348901234','Jenda Pagden','09171234567','Spouse','2025-09-07 22:43:58'),(1568,'Andreana Braisby','Apt 1797','2021-03-28',4,'F','Widowed','09215678901','Pepi Brose','09348901234','Sibling','2025-09-07 22:43:58'),(1569,'Birk Abade','Apt 1141','2023-04-22',2,'M','Widowed','09215678901','Cary Moralis','09348901234','Friend','2025-09-07 22:43:58'),(1570,'Crissy Strathearn','Room 1968','2020-11-25',4,'F','Widowed','09171234567','Marianne Ida','09348901234','Father','2025-09-07 22:43:58'),(1571,'Harley Le Surf','Apt 296','2025-02-05',0,'M','Single','09171234567','Torin Wakenshaw','09215678901','Friend','2025-09-07 22:43:58'),(1572,'Iain Chilles','Suite 13','2017-07-09',8,'M','Married','09215678901','Alane Aleksandrev','09215678901','Spouse','2025-09-07 22:43:58'),(1573,'Siffre Glidden','Room 1419','2020-03-22',5,'F','Widowed','09215678901','Leda Rosendahl','09171234567','Friend','2025-09-07 22:43:58'),(1574,'Grover Rembrandt','Room 335','2016-12-27',8,'F','Married','09348901234','Lebbie Eunson','09348901234','Father','2025-09-07 22:43:58'),(1575,'Alistair Hunday','Apt 598','2018-03-25',7,'F','Married','09348901234','Ailene Wisden','09215678901','Spouse','2025-09-07 22:43:58'),(1576,'Suzy McCrann','Room 694','2024-01-26',1,'M','Single','09348901234','Jacky Bilby','09215678901','Child','2025-09-07 22:43:58'),(1577,'Bree Gratrix','Room 1691','2018-08-17',7,'M','Single','09215678901','Doreen Gayther','09348901234','Spouse','2025-09-07 22:43:58'),(1578,'Pepillo Lichfield','Apt 1453','2023-01-21',2,'M','Married','09215678901','Maxie Hartman','09171234567','Mother','2025-09-07 22:43:58'),(1579,'Ritchie Rault','Suite 34','2015-12-14',9,'M','Single','09348901234','Alfreda Sprackling','09348901234','Mother','2025-09-07 22:43:58'),(1580,'Nevile Laste','Suite 29','2020-09-07',5,'F','Widowed','09215678901','Ellissa Stiling','09171234567','Child','2025-09-07 22:43:58'),(1581,'Beau Schott','Room 1137','2016-01-30',9,'M','Single','09215678901','Thorin Dennis','09171234567','Mother','2025-09-07 22:43:58'),(1582,'Adelheid Kubacek','PO Box 31771','2017-09-12',8,'F','Single','09348901234','Sarine Ishchenko','09171234567','Child','2025-09-07 22:43:58'),(1583,'Phelia Narramore','PO Box 96210','2018-10-23',6,'F','Single','09348901234','Carla Goldsworthy','09348901234','Child','2025-09-07 22:43:58'),(1584,'Mitchael Kassidy','Room 1884','2016-02-21',9,'F','Widowed','09348901234','Loralyn Brocks','09171234567','Child','2025-09-07 22:43:58'),(1585,'Perle Malins','Suite 75','2021-11-17',3,'F','Single','09348901234','Aarika Smallman','09215678901','Child','2025-09-07 22:43:58'),(1586,'Tobe Ducker','PO Box 63968','2022-10-22',2,'F','Single','09171234567','Brianna de Quesne','09171234567','Friend','2025-09-07 22:43:58'),(1587,'Bev Ellings','Room 111','2024-12-27',0,'F','Widowed','09348901234','Shane Fyrth','09215678901','Spouse','2025-09-07 22:43:58'),(1588,'Tait Teissier','Room 1431','2024-05-25',1,'F','Widowed','09215678901','Nadine Shippard','09215678901','Father','2025-09-07 22:43:58'),(1589,'Shandra Levy','18th Floor','2015-12-17',9,'F','Single','09171234567','Weidar Poker','09171234567','Father','2025-09-07 22:43:58'),(1590,'Vincents Elstow','Apt 1552','2022-10-29',2,'M','Married','09171234567','Granger Deneve','09215678901','Mother','2025-09-07 22:43:58'),(1591,'Roselle Aland','Room 1438','2014-10-03',10,'M','Single','09171234567','See Elderton','09348901234','Mother','2025-09-07 22:43:58'),(1592,'Lettie Teligin','PO Box 51426','2020-03-23',5,'F','Widowed','09171234567','Juditha Cockerham','09171234567','Mother','2025-09-07 22:43:58'),(1593,'Lars Lowndes','Suite 86','2015-01-27',10,'F','Married','09348901234','Lombard Tesoe','09348901234','Sibling','2025-09-07 22:43:58'),(1594,'Dane Kinnen','Room 1397','2022-03-06',3,'F','Widowed','09348901234','Mame Jessard','09171234567','Sibling','2025-09-07 22:43:58'),(1595,'Malissa Hebard','Room 1187','2017-02-23',8,'M','Married','09348901234','Candi Faustin','09348901234','Sibling','2025-09-07 22:43:58'),(1596,'Aymer Ormshaw','16th Floor','2016-01-08',9,'M','Single','09171234567','Gratia Tracy','09171234567','Sibling','2025-09-07 22:43:58'),(1597,'Micheal Pettitt','Room 1821','2025-07-04',0,'M','Married','09348901234','Tobi Hoffmann','09348901234','Child','2025-09-07 22:43:58'),(1598,'Lara Millmoe','Suite 58','2018-11-05',6,'F','Married','09171234567','Shaylyn Huniwall','09215678901','Child','2025-09-07 22:43:58'),(1599,'Chaddy Verrell','8th Floor','2019-03-18',6,'F','Widowed','09171234567','Lew Dibnah','09348901234','Sibling','2025-09-07 22:43:58'),(1600,'Godfree Yegorov','Room 1505','2025-05-27',0,'M','Widowed','09171234567','Guinna Cough','09348901234','Child','2025-09-07 22:43:58'),(1601,'Iver Emig','2nd Floor','2021-06-30',4,'M','Widowed','09215678901','Port Scane','09171234567','Mother','2025-09-07 22:43:58'),(1602,'Ced Tennock','Room 1921','2025-05-27',0,'F','Married','09348901234','Irita Hoggin','09215678901','Mother','2025-09-07 22:43:58'),(1603,'Carissa Sebborn','7th Floor','2015-10-18',9,'M','Married','09171234567','Jillayne Rudd','09215678901','Sibling','2025-09-07 22:43:58'),(1604,'Saxe Gracewood','Apt 1313','2016-01-28',9,'F','Widowed','09171234567','Denyse Tooting','09348901234','Spouse','2025-09-07 22:43:58'),(1605,'De witt Simonnot','7th Floor','2017-06-22',8,'F','Single','09348901234','Selma McKeachie','09171234567','Mother','2025-09-07 22:43:58'),(1606,'Aleksandr Callway','19th Floor','2015-07-14',10,'M','Widowed','09171234567','Jarrod Barefoot','09348901234','Mother','2025-09-07 22:43:58'),(1607,'Estel Dacey','Room 1771','2021-11-29',3,'F','Single','09171234567','Alva Tebbitt','09348901234','Mother','2025-09-07 22:43:58'),(1608,'Marcelle Bazoge','PO Box 91371','2025-01-30',0,'M','Widowed','09215678901','Westbrook Lumsdon','09171234567','Friend','2025-09-07 22:43:58'),(1609,'Mona Stanmore','10th Floor','2024-03-06',1,'M','Married','09348901234','Falkner Sealove','09215678901','Mother','2025-09-07 22:43:58'),(1610,'Marge O\' Dooley','Apt 1070','2015-10-10',9,'F','Married','09215678901','Birdie Burlingame','09215678901','Mother','2025-09-07 22:43:58'),(1611,'Minor Spaduzza','Apt 1258','2018-05-05',7,'M','Widowed','09348901234','Tildie Stawell','09171234567','Friend','2025-09-07 22:43:58'),(1612,'Tobias Calvey','Suite 38','2016-07-21',9,'F','Single','09348901234','Marika Cavendish','09348901234','Father','2025-09-07 22:43:58'),(1613,'Braden Sproul','Apt 343','2016-03-24',9,'F','Married','09171234567','Hazel Iacovino','09348901234','Mother','2025-09-07 22:43:58'),(1614,'Othella Cottie','PO Box 60353','2017-01-24',8,'F','Single','09348901234','Kimberlee Killough','09215678901','Child','2025-09-07 22:43:58'),(1615,'Melisenda Haylock','PO Box 98875','2025-01-08',0,'M','Married','09215678901','Janey Curle','09171234567','Child','2025-09-07 22:43:58'),(1616,'Celesta Rupel','Room 1899','2018-01-28',7,'M','Widowed','09171234567','Cesar Orrice','09348901234','Father','2025-09-07 22:43:58'),(1617,'Clyde Zanni','PO Box 37945','2017-08-29',8,'M','Widowed','09171234567','Sharity Jakovijevic','09215678901','Friend','2025-09-07 22:43:58'),(1618,'Hendrik Watford','PO Box 43186','2023-12-11',1,'F','Widowed','09171234567','Leonore McCaughey','09171234567','Mother','2025-09-07 22:43:58'),(1619,'Corrinne Bedding','19th Floor','2021-08-27',4,'M','Single','09215678901','Rab Titcombe','09348901234','Friend','2025-09-07 22:43:58'),(1620,'Dean Askham','Suite 96','2021-02-02',4,'M','Single','09171234567','Trey Grishakin','09215678901','Friend','2025-09-07 22:43:58'),(1621,'Ingeborg Cordner','Room 106','2024-12-18',0,'F','Single','09215678901','Charlean Schuster','09348901234','Sibling','2025-09-07 22:43:58'),(1622,'Octavius Cawdery','Room 1735','2024-03-09',1,'M','Widowed','09215678901','Aidan Barlow','09348901234','Spouse','2025-09-07 22:43:58'),(1623,'Beryle Stoller','Apt 1107','2018-12-03',6,'M','Single','09348901234','Roselin O\'Cahsedy','09215678901','Father','2025-09-07 22:43:58'),(1624,'Indira MacQuaker','PO Box 77765','2018-11-19',6,'M','Single','09348901234','Candi Smallacombe','09171234567','Child','2025-09-07 22:43:58'),(1625,'Bernelle Dunseath','Apt 698','2023-06-26',2,'M','Widowed','09348901234','Katharine Chittleburgh','09215678901','Spouse','2025-09-07 22:43:58'),(1626,'Daffy Rubinek','Suite 2','2018-09-29',6,'M','Married','09171234567','Michaella Santorini','09348901234','Spouse','2025-09-07 22:43:58'),(1627,'Pauli Delahunty','Room 822','2021-10-07',3,'F','Widowed','09215678901','Kalle Rawstorn','09171234567','Spouse','2025-09-07 22:43:58'),(1628,'Antonin Bearne','PO Box 55563','2020-09-09',5,'M','Single','09215678901','Mayor Elvy','09215678901','Sibling','2025-09-07 22:43:58'),(1629,'Charles Peplow','Apt 413','2023-08-10',2,'M','Married','09171234567','Chad Colquitt','09215678901','Father','2025-09-07 22:43:58'),(1630,'Andriana Deners','Apt 1745','2019-01-28',6,'M','Married','09215678901','Juan Coghlan','09215678901','Sibling','2025-09-07 22:43:58'),(1631,'Karlotta Ludgrove','PO Box 4773','2017-03-09',8,'F','Widowed','09348901234','Kellyann Comolli','09215678901','Child','2025-09-07 22:43:58'),(1632,'Ikey Bragginton','Room 709','2018-03-24',7,'M','Married','09348901234','Evvie Delgua','09215678901','Friend','2025-09-07 22:43:58'),(1633,'Zenia Duck','Apt 1461','2017-05-28',8,'F','Married','09215678901','Rogers Screen','09215678901','Father','2025-09-07 22:43:58'),(1634,'Orbadiah Connal','Suite 97','2023-05-31',2,'M','Single','09348901234','Saundra Itzkovwitch','09348901234','Sibling','2025-09-07 22:43:58'),(1635,'Nanette Louw','18th Floor','2016-12-22',8,'F','Widowed','09215678901','Roxine Mateuszczyk','09348901234','Sibling','2025-09-07 22:43:58'),(1636,'L;urette Sybe','Apt 235','2022-12-09',2,'M','Widowed','09171234567','Ferne Trump','09215678901','Father','2025-09-07 22:43:58'),(1637,'Annalee Nice','Room 82','2023-08-07',2,'M','Married','09348901234','Fredric Egle','09171234567','Father','2025-09-07 22:43:58'),(1638,'Maighdiln Buckby','PO Box 17903','2019-08-24',6,'F','Single','09348901234','Roy Wanka','09215678901','Child','2025-09-07 22:43:58'),(1639,'Brigitta Coughlin','PO Box 74288','2022-04-01',3,'M','Widowed','09171234567','Innis Bazylets','09171234567','Friend','2025-09-07 22:43:58'),(1640,'Thekla Bulch','Suite 23','2016-06-03',9,'F','Single','09171234567','Garv Snassell','09348901234','Child','2025-09-07 22:43:58'),(1641,'Raye Jopp','1st Floor','2024-09-30',0,'F','Widowed','09348901234','Elly Dies','09171234567','Child','2025-09-07 22:43:58'),(1642,'Vanny Adhams','Apt 901','2019-07-12',6,'F','Single','09215678901','Elinore Gianuzzi','09348901234','Friend','2025-09-07 22:43:58'),(1643,'Donovan O\'Duane','PO Box 40276','2024-01-17',1,'M','Widowed','09348901234','Ulrikaumeko Delamaine','09215678901','Sibling','2025-09-07 22:43:58'),(1644,'Orran MacFaell','5th Floor','2022-10-27',2,'M','Single','09171234567','Tasia Andries','09348901234','Sibling','2025-09-07 22:43:58'),(1645,'Rodolph Fairman','Room 72','2019-01-15',6,'M','Married','09171234567','Florie Grocock','09348901234','Father','2025-09-07 22:43:58'),(1646,'Colman Crookshanks','Suite 34','2017-05-07',8,'M','Single','09348901234','Auroora Pawnsford','09171234567','Sibling','2025-09-07 22:43:58'),(1647,'Arvin Wenban','Suite 52','2023-10-16',1,'M','Single','09215678901','Erhart Tweede','09171234567','Mother','2025-09-07 22:43:58'),(1648,'Kim Saywood','4th Floor','2015-06-23',10,'M','Single','09215678901','Lizabeth Gutman','09215678901','Sibling','2025-09-07 22:43:58'),(1649,'Katina Norgan','19th Floor','2022-03-24',3,'F','Married','09171234567','Susanetta Foucard','09171234567','Sibling','2025-09-07 22:43:58'),(1650,'Sherlock Winkworth','Apt 368','2022-07-31',3,'F','Widowed','09215678901','Stormy Jouanot','09215678901','Father','2025-09-07 22:43:58'),(1651,'Spenser Dury','Apt 1424','2020-12-15',4,'F','Single','09215678901','Deidre Drewell','09348901234','Child','2025-09-07 22:43:58'),(1652,'Harris Ovett','Suite 70','2017-04-16',8,'M','Single','09348901234','Forester Pressey','09348901234','Sibling','2025-09-07 22:43:58'),(1653,'Damita Szanto','Apt 1869','2016-07-13',9,'F','Widowed','09171234567','Tessa Eykelhof','09171234567','Child','2025-09-07 22:43:58'),(1654,'Dot Podd','17th Floor','2016-03-26',9,'F','Single','09171234567','Nicolas Reiglar','09348901234','Child','2025-09-07 22:43:58'),(1655,'Noell Wallbrook','Suite 48','2018-10-27',6,'M','Married','09215678901','Chicky Ackeroyd','09348901234','Mother','2025-09-07 22:43:58'),(1656,'Shirleen Hartwell','7th Floor','2022-06-25',3,'F','Single','09348901234','Adina Chalke','09171234567','Child','2025-09-07 22:43:58'),(1657,'Nathalia Elce','Suite 41','2018-12-07',6,'F','Married','09171234567','Daisi Seary','09215678901','Spouse','2025-09-07 22:43:58'),(1658,'Winny Leverton','6th Floor','2016-05-01',9,'F','Widowed','09348901234','Karrah Stoyle','09171234567','Spouse','2025-09-07 22:43:58'),(1659,'Carolan Coate','Room 93','2022-01-10',3,'M','Single','09171234567','Evey Clayworth','09348901234','Father','2025-09-07 22:43:58'),(1660,'Rolland Cowdery','12th Floor','2019-03-22',6,'F','Married','09171234567','Zulema Lockery','09171234567','Child','2025-09-07 22:43:58'),(1661,'Valene Varvara','1st Floor','2022-06-13',3,'F','Widowed','09348901234','Micky Fibbit','09215678901','Friend','2025-09-07 22:43:58'),(1662,'Myra Covell','Room 1747','2016-10-10',8,'M','Single','09348901234','Maure Tremblay','09215678901','Sibling','2025-09-07 22:43:58'),(1663,'Albert Bernier','6th Floor','2016-12-04',8,'M','Single','09348901234','Junia Crummey','09171234567','Father','2025-09-07 22:43:58'),(1664,'Lorilee Rigglesford','10th Floor','2020-12-29',4,'M','Single','09348901234','Avigdor Oneill','09171234567','Father','2025-09-07 22:43:58'),(1665,'Liza Grassin','Suite 16','2024-05-26',1,'M','Married','09171234567','Cosette Danbye','09171234567','Father','2025-09-07 22:43:58'),(1666,'Annora Tzuker','PO Box 25833','2015-08-10',10,'F','Married','09215678901','Robinia Mixer','09171234567','Mother','2025-09-07 22:43:58'),(1667,'Cornelia Willan','Room 1448','2016-07-20',9,'F','Married','09171234567','Judi McCorry','09215678901','Child','2025-09-07 22:43:58'),(1668,'Padraig Hugh','Suite 45','2021-07-08',4,'M','Married','09215678901','Joy Dartnall','09215678901','Mother','2025-09-07 22:43:58'),(1669,'Rikki Brunone','Suite 99','2023-05-09',2,'F','Married','09215678901','Laina Stopforth','09171234567','Spouse','2025-09-07 22:43:58'),(1670,'Lyman Morkham','Room 725','2015-10-21',9,'F','Married','09215678901','Suzanne Schild','09171234567','Sibling','2025-09-07 22:43:58'),(1671,'Del Spink','9th Floor','2023-05-09',2,'M','Married','09171234567','Ernestine Sidary','09171234567','Child','2025-09-07 22:43:58'),(1672,'Belva Gascoigne','PO Box 36853','2022-11-09',2,'F','Married','09171234567','Emmye Bottle','09171234567','Child','2025-09-07 22:43:58'),(1673,'Rozalie Gligori','PO Box 30264','2021-06-09',4,'F','Single','09215678901','Reta Rutt','09215678901','Sibling','2025-09-07 22:43:58'),(1674,'Toma Haggleton','PO Box 34413','2019-03-01',6,'M','Single','09348901234','Henrietta Tickner','09348901234','Child','2025-09-07 22:43:58'),(1675,'Hilario Spinola','Apt 385','2018-03-01',7,'F','Single','09348901234','Amabelle Husthwaite','09215678901','Mother','2025-09-07 22:43:58'),(1676,'Prue Cutbirth','Room 1637','2023-10-06',1,'F','Single','09215678901','Humberto Frusher','09348901234','Father','2025-09-07 22:43:58'),(1677,'Rog Widdocks','5th Floor','2015-01-01',10,'F','Married','09215678901','Noby Roycroft','09348901234','Friend','2025-09-07 22:43:58'),(1678,'Kelcie Rutherforth','PO Box 75224','2019-11-09',5,'M','Widowed','09171234567','Pepe Cattemull','09215678901','Mother','2025-09-07 22:43:58'),(1679,'Thomasina Josefer','Apt 1573','2022-12-30',2,'M','Single','09215678901','Lilas Kave','09215678901','Father','2025-09-07 22:43:58'),(1680,'Marv Kerry','6th Floor','2021-02-04',4,'M','Single','09171234567','Evered Comettoi','09215678901','Spouse','2025-09-07 22:43:58'),(1681,'Darbie Cleveland','Apt 1033','2020-10-28',4,'F','Single','09348901234','Alfredo Weiss','09348901234','Friend','2025-09-07 22:43:58'),(1682,'Angelita Hartshorn','PO Box 87652','2021-11-20',3,'M','Widowed','09348901234','Elset Stokoe','09215678901','Father','2025-09-07 22:43:58'),(1683,'Tessi Tomasoni','Suite 93','2023-09-15',1,'M','Single','09215678901','Kennie Bulward','09348901234','Child','2025-09-07 22:43:58'),(1684,'Verene Puttrell','PO Box 69992','2019-04-25',6,'M','Married','09215678901','Dot Kirton','09215678901','Child','2025-09-07 22:43:58'),(1685,'Darren Coupe','Apt 1869','2025-06-10',0,'F','Widowed','09348901234','Katalin Rawsthorne','09171234567','Father','2025-09-07 22:43:58'),(1686,'Jere Booty','8th Floor','2021-06-02',4,'M','Widowed','09171234567','Cathrine Ferrelli','09171234567','Father','2025-09-07 22:43:58'),(1687,'Katina Lisciandri','Apt 791','2021-12-16',3,'F','Widowed','09348901234','Frederik Shemwell','09171234567','Spouse','2025-09-07 22:43:58'),(1688,'Ina Elgey','Apt 883','2023-03-24',2,'M','Married','09348901234','Cathleen Jentgens','09348901234','Friend','2025-09-07 22:43:58'),(1689,'Purcell Friedank','Suite 6','2017-09-05',8,'M','Widowed','09215678901','Caz Milbank','09171234567','Spouse','2025-09-07 22:43:58'),(1690,'Damien Lemmers','Apt 909','2024-04-13',1,'M','Widowed','09348901234','Idaline Collingworth','09348901234','Spouse','2025-09-07 22:43:58'),(1691,'Gregorius Barabich','Room 1801','2018-01-28',7,'F','Widowed','09215678901','Kordula Larrett','09215678901','Sibling','2025-09-07 22:43:58'),(1692,'Mavis Rickword','13th Floor','2016-06-14',9,'M','Married','09171234567','Carolynn Wakenshaw','09348901234','Spouse','2025-09-07 22:43:58'),(1693,'Kaia Capps','PO Box 81503','2016-09-15',8,'M','Married','09215678901','Corey Duck','09171234567','Friend','2025-09-07 22:43:58'),(1694,'Randolph Beatey','2nd Floor','2021-06-25',4,'M','Single','09215678901','Drusy Colebourne','09348901234','Friend','2025-09-07 22:43:58'),(1695,'Deina Houseman','Room 104','2020-01-13',5,'F','Married','09215678901','Mavra Nellen','09348901234','Child','2025-09-07 22:43:58'),(1696,'Grace Crawshaw','Suite 58','2023-12-18',1,'F','Single','09215678901','Fifi Van Leijs','09215678901','Spouse','2025-09-07 22:43:58'),(1697,'Maisie Speakman','3rd Floor','2016-09-16',8,'F','Married','09171234567','Alex Greber','09348901234','Sibling','2025-09-07 22:43:58'),(1698,'Solly Pareman','Room 1163','2021-10-27',3,'F','Single','09171234567','Jae McNeice','09348901234','Friend','2025-09-07 22:43:58'),(1699,'Talbot Beasant','Suite 30','2023-11-18',1,'F','Single','09215678901','Emmi Mitroshinov','09171234567','Sibling','2025-09-07 22:43:58'),(1700,'Kirstyn Janosevic','Apt 976','2018-02-09',7,'F','Single','09215678901','Kelly Ranscome','09348901234','Sibling','2025-09-07 22:43:58'),(1701,'Gusta Cale','5th Floor','2025-05-23',0,'M','Married','09171234567','Ranice Cosh','09348901234','Sibling','2025-09-07 22:43:58'),(1702,'Muffin Heymes','PO Box 77078','2018-10-23',6,'F','Widowed','09215678901','Austin Wedmore.','09348901234','Spouse','2025-09-07 22:43:58'),(1703,'Dawn Stepney','Suite 90','2024-10-02',0,'M','Married','09171234567','Whitby Gosnay','09171234567','Spouse','2025-09-07 22:43:58'),(1704,'Shani Benedit','Suite 92','2023-12-19',1,'M','Widowed','09215678901','Dix Skillman','09215678901','Sibling','2025-09-07 22:43:58'),(1705,'Alikee Rantoull','Apt 460','2022-05-10',3,'M','Widowed','09215678901','Carolan Itzchaki','09348901234','Friend','2025-09-07 22:43:58'),(1706,'Marty Boydell','Suite 40','2021-03-26',4,'F','Widowed','09348901234','Emyle Gillebride','09215678901','Mother','2025-09-07 22:43:59'),(1707,'Whittaker Falco','Apt 1328','2018-12-01',6,'M','Single','09171234567','Burg Shemwell','09348901234','Father','2025-09-07 22:43:59'),(1708,'Hana Laroux','12th Floor','2014-12-27',10,'F','Widowed','09215678901','Berky Cragell','09215678901','Spouse','2025-09-07 22:43:59'),(1709,'Mellisa Gavini','8th Floor','2024-01-17',1,'F','Married','09348901234','Carree Colvill','09348901234','Spouse','2025-09-07 22:43:59'),(1710,'Ardene Booker','PO Box 49649','2019-10-20',5,'F','Single','09171234567','Martin Drohane','09215678901','Father','2025-09-07 22:43:59'),(1711,'Theadora Olivetta','Suite 54','2019-04-14',6,'F','Widowed','09215678901','Tish MacKomb','09171234567','Father','2025-09-07 22:43:59'),(1712,'Sybila Yurevich','PO Box 85795','2020-05-15',5,'F','Widowed','09348901234','Jemmie Tettley','09215678901','Sibling','2025-09-07 22:43:59'),(1713,'Redd Weich','Room 1328','2022-05-20',3,'F','Single','09348901234','Annora Lufkin','09171234567','Friend','2025-09-07 22:43:59'),(1714,'Gayleen Clowney','Apt 410','2023-10-24',1,'F','Single','09171234567','Rene Brandon','09171234567','Friend','2025-09-07 22:43:59'),(1715,'Amelie Rase','Apt 613','2022-01-03',3,'M','Married','09348901234','Anstice Kittley','09348901234','Sibling','2025-09-07 22:43:59'),(1716,'Cart Houldey','Room 92','2023-12-05',1,'M','Married','09348901234','Griffy Lyston','09348901234','Child','2025-09-07 22:43:59'),(1717,'Buddie Beernaert','Room 1763','2015-05-16',10,'M','Widowed','09171234567','Gena While','09348901234','Mother','2025-09-07 22:43:59'),(1718,'Ynez Reany','Suite 99','2015-12-12',9,'F','Married','09348901234','Raddie Perren','09348901234','Friend','2025-09-07 22:43:59'),(1719,'Kary Cosby','Apt 1116','2016-01-05',9,'F','Married','09348901234','Freddy Hayfield','09348901234','Mother','2025-09-07 22:43:59'),(1720,'Kennan Aps','5th Floor','2020-02-26',5,'M','Married','09171234567','Rorie Eland','09171234567','Sibling','2025-09-07 22:43:59'),(1721,'Rebeca Court','Suite 15','2023-08-29',2,'M','Single','09171234567','Svend Lardnar','09215678901','Sibling','2025-09-07 22:43:59'),(1722,'Terrell Blanket','Room 1952','2023-08-28',2,'M','Single','09348901234','Kingston Bartolacci','09171234567','Father','2025-09-07 22:43:59'),(1723,'Zondra Ochiltree','Room 1948','2025-07-04',0,'M','Single','09348901234','Bernardine Laughtisse','09348901234','Father','2025-09-07 22:43:59'),(1724,'Adah Twizell','PO Box 58860','2025-09-04',0,'M','Married','09348901234','Newton Atty','09171234567','Sibling','2025-09-07 22:43:59'),(1725,'Syd Percy','PO Box 6927','2016-06-28',9,'M','Married','09348901234','Elly Margrett','09171234567','Sibling','2025-09-07 22:43:59'),(1726,'Wolf Rennolds','Room 1326','2018-08-07',7,'F','Married','09215678901','Fran Thompkins','09215678901','Spouse','2025-09-07 22:43:59'),(1727,'Dedie Branford','Apt 467','2017-04-17',8,'M','Single','09171234567','Manolo Fursey','09215678901','Friend','2025-09-07 22:43:59'),(1728,'Sosanna Feehery','12th Floor','2016-08-10',9,'F','Married','09348901234','Faulkner Thurlow','09348901234','Sibling','2025-09-07 22:43:59'),(1729,'Allyson Swalowe','Suite 45','2016-05-21',9,'F','Married','09171234567','Nicolette Beak','09215678901','Spouse','2025-09-07 22:43:59'),(1730,'Budd Oleksiak','Room 741','2015-01-31',10,'F','Widowed','09215678901','Andree Keneforde','09348901234','Mother','2025-09-07 22:43:59'),(1731,'Sallie Izhakov','Apt 954','2016-10-21',8,'M','Married','09171234567','Frannie Sturt','09215678901','Mother','2025-09-07 22:43:59'),(1732,'Fredericka Ballinghall','Suite 49','2018-04-07',7,'M','Married','09348901234','Kinna Skates','09215678901','Child','2025-09-07 22:43:59'),(1733,'Darbie Kilgour','Room 968','2016-02-25',9,'F','Single','09215678901','Gavin Kohnemann','09215678901','Child','2025-09-07 22:43:59'),(1734,'Dick Trouel','Room 757','2018-05-22',7,'F','Married','09171234567','Farr Knowlman','09171234567','Sibling','2025-09-07 22:43:59'),(1735,'Cathi Philipson','Suite 27','2024-10-18',0,'M','Widowed','09215678901','Fayina Blenkinship','09215678901','Spouse','2025-09-07 22:43:59'),(1736,'Hephzibah Crockett','Room 1825','2022-04-30',3,'F','Widowed','09348901234','Robinett Gawkes','09215678901','Father','2025-09-07 22:43:59'),(1737,'Erena O\'Carran','Room 59','2016-01-27',9,'F','Married','09215678901','Normand Lillegard','09171234567','Father','2025-09-07 22:43:59'),(1738,'Layton Jeffery','10th Floor','2015-04-13',10,'F','Single','09215678901','Montgomery Metschke','09215678901','Mother','2025-09-07 22:43:59'),(1739,'Mauricio Pappi','Apt 500','2019-02-23',6,'M','Single','09215678901','Iorgo Perin','09215678901','Child','2025-09-07 22:43:59'),(1740,'Joey Kirkpatrick','PO Box 98342','2025-04-24',0,'F','Married','09171234567','Hewie Willmont','09348901234','Child','2025-09-07 22:43:59'),(1741,'Lief Roseburgh','Apt 1514','2025-08-07',0,'F','Widowed','09171234567','Enriqueta Solly','09348901234','Child','2025-09-07 22:43:59'),(1742,'Caryl Simonaitis','Room 499','2020-06-16',5,'F','Married','09348901234','Christye Purvess','09215678901','Mother','2025-09-07 22:43:59'),(1743,'Denise Jesson','Apt 1170','2015-03-28',10,'F','Married','09348901234','Gilbert Dawkes','09171234567','Sibling','2025-09-07 22:43:59'),(1744,'Seth Aujean','Apt 751','2014-12-06',10,'F','Married','09348901234','Ulrikaumeko Sclanders','09215678901','Child','2025-09-07 22:43:59'),(1745,'Rafaello Torns','Room 20','2022-04-20',3,'M','Widowed','09215678901','Cissy Timbs','09215678901','Sibling','2025-09-07 22:43:59'),(1746,'Howey Mingus','Suite 7','2024-10-26',0,'F','Married','09171234567','Madelon Dossit','09348901234','Spouse','2025-09-07 22:43:59'),(1747,'Mercy Valentinetti','Suite 49','2015-07-28',10,'M','Single','09171234567','Coralie Booty','09215678901','Sibling','2025-09-07 22:43:59'),(1748,'Janessa Lambole','PO Box 17033','2023-05-07',2,'F','Married','09171234567','Mason Chisnell','09171234567','Child','2025-09-07 22:43:59'),(1749,'Caryl Motherwell','1st Floor','2022-03-18',3,'M','Married','09348901234','Dierdre Philipsohn','09348901234','Spouse','2025-09-07 22:43:59'),(1750,'Wynnie Dowse','20th Floor','2018-06-17',7,'F','Single','09348901234','Karrie Toupe','09215678901','Child','2025-09-07 22:43:59'),(1751,'Adrianne Yellowlea','PO Box 98741','2023-10-01',1,'F','Married','09348901234','Peggie Sherbrook','09215678901','Father','2025-09-07 22:43:59'),(1752,'Arie Cosham','Apt 1692','2024-01-18',1,'F','Single','09215678901','Mae Pozer','09171234567','Spouse','2025-09-07 22:43:59'),(1753,'Zaria Antonutti','Room 631','2024-08-29',1,'M','Single','09348901234','Krystle Huxley','09171234567','Sibling','2025-09-07 22:43:59'),(1754,'Barrie Bortoluzzi','16th Floor','2019-06-18',6,'M','Married','09171234567','Linea Adlington','09171234567','Child','2025-09-07 22:43:59'),(1755,'Bax Yon','Room 1892','2014-09-29',10,'F','Married','09348901234','Tedda Dansken','09171234567','Spouse','2025-09-07 22:43:59'),(1756,'Ella Pennoni','Apt 92','2016-11-27',8,'M','Married','09171234567','Ally Semered','09215678901','Father','2025-09-07 22:43:59'),(1757,'Billye Ladloe','8th Floor','2021-07-25',4,'M','Single','09348901234','Monika Sallan','09171234567','Father','2025-09-07 22:43:59'),(1758,'Muriel Bothbie','PO Box 84153','2015-09-23',9,'M','Married','09215678901','Alyssa Kornalik','09171234567','Sibling','2025-09-07 22:43:59'),(1759,'Ethe Orry','16th Floor','2022-05-20',3,'M','Married','09348901234','Liv Scandrick','09171234567','Father','2025-09-07 22:43:59'),(1760,'Nadiya Tommaseo','Suite 41','2020-11-30',4,'F','Single','09171234567','Hetty Gilbeart','09348901234','Sibling','2025-09-07 22:43:59'),(1761,'Christiane Fouch','PO Box 50245','2023-11-03',1,'F','Widowed','09215678901','Ursola Guinery','09171234567','Father','2025-09-07 22:43:59'),(1762,'Bab D\'Alesio','11th Floor','2019-10-18',5,'F','Married','09348901234','Goldia Nunns','09215678901','Father','2025-09-07 22:43:59'),(1763,'Brittan Tuffley','Room 709','2017-10-18',7,'F','Widowed','09348901234','Roseanna Harrigan','09215678901','Friend','2025-09-07 22:43:59'),(1764,'Cleavland McGown','Room 868','2020-06-27',5,'F','Widowed','09171234567','Rowan Bartley','09348901234','Sibling','2025-09-07 22:43:59'),(1765,'Helyn Haugh','10th Floor','2015-05-05',10,'F','Married','09215678901','Barny Lenchenko','09348901234','Child','2025-09-07 22:43:59'),(1766,'Aubree Lawrenson','7th Floor','2023-05-23',2,'M','Widowed','09215678901','Norah Kellie','09215678901','Sibling','2025-09-07 22:43:59'),(1767,'Briant Stepney','PO Box 80031','2023-06-17',2,'F','Married','09171234567','Emlynne Lehrmann','09215678901','Sibling','2025-09-07 22:43:59'),(1768,'Georgette Gauche','17th Floor','2016-10-10',8,'F','Widowed','09171234567','Jan Gallimore','09171234567','Spouse','2025-09-07 22:43:59'),(1769,'Quintana Duffer','PO Box 64373','2017-08-08',8,'M','Widowed','09215678901','Kaila Fossick','09348901234','Sibling','2025-09-07 22:43:59'),(1770,'Ezekiel Merman','PO Box 5393','2016-11-20',8,'F','Single','09215678901','Aveline Dibbe','09171234567','Spouse','2025-09-07 22:43:59'),(1771,'Nessy Chisnall','Room 568','2019-02-08',6,'F','Single','09215678901','Morlee Traut','09171234567','Father','2025-09-07 22:43:59'),(1772,'Mireielle Girdlestone','PO Box 17246','2016-11-15',8,'F','Single','09171234567','Matilde Strelitz','09171234567','Spouse','2025-09-07 22:43:59'),(1773,'Doralynn Mounch','18th Floor','2016-03-18',9,'F','Single','09171234567','Donovan Jemmett','09171234567','Friend','2025-09-07 22:43:59'),(1774,'Alisun Cassels','PO Box 65802','2022-02-02',3,'M','Married','09171234567','Jeramie Ridel','09348901234','Spouse','2025-09-07 22:43:59'),(1775,'Nikita Southon','Suite 15','2021-11-09',3,'M','Widowed','09171234567','Iormina Fawltey','09171234567','Spouse','2025-09-07 22:43:59'),(1776,'Maison Claeskens','6th Floor','2025-06-12',0,'F','Single','09215678901','Vilhelmina Van Hove','09171234567','Spouse','2025-09-07 22:43:59'),(1777,'Karine Morling','Apt 1423','2020-01-19',5,'M','Married','09348901234','Pearce Aspey','09171234567','Sibling','2025-09-07 22:43:59'),(1778,'Zorana McKirdy','Suite 15','2019-09-20',5,'F','Widowed','09348901234','Alane Lentsch','09215678901','Sibling','2025-09-07 22:43:59'),(1779,'Imelda Yeude','Suite 41','2020-01-21',5,'M','Single','09171234567','Alano Dilleway','09215678901','Sibling','2025-09-07 22:43:59'),(1780,'Seth Oen','PO Box 19651','2014-09-12',11,'F','Widowed','09171234567','Grier Redbourn','09171234567','Father','2025-09-07 22:43:59'),(1781,'Stevie Castagneto','PO Box 97484','2017-02-11',8,'M','Single','09171234567','Terrye Fackrell','09348901234','Child','2025-09-07 22:43:59'),(1782,'Feodora Trundle','Apt 766','2016-06-23',9,'F','Single','09171234567','Ettore Sandry','09171234567','Sibling','2025-09-07 22:43:59'),(1783,'Beatrisa Sonier','Room 1092','2021-10-23',3,'M','Married','09348901234','Viola Paulack','09171234567','Child','2025-09-07 22:43:59'),(1784,'Drake Tonbridge','Apt 772','2024-11-29',0,'M','Married','09171234567','Shelba Bockings','09348901234','Sibling','2025-09-07 22:43:59'),(1785,'Lancelot Mount','Suite 75','2025-08-18',0,'F','Married','09348901234','Rebe Senechault','09215678901','Mother','2025-09-07 22:43:59'),(1786,'Jordan Keel','Suite 71','2017-03-26',8,'F','Married','09171234567','Tate Fingleton','09215678901','Child','2025-09-07 22:43:59'),(1787,'Dody Bortolutti','Room 1538','2017-04-18',8,'F','Widowed','09171234567','Dylan Derbyshire','09171234567','Mother','2025-09-07 22:43:59'),(1788,'Fleur Gilkison','Room 1344','2019-12-04',5,'F','Single','09171234567','Salli Desporte','09215678901','Friend','2025-09-07 22:43:59'),(1789,'Liva Hatry','11th Floor','2024-12-18',0,'F','Married','09348901234','Betty Kristufek','09171234567','Sibling','2025-09-07 22:43:59'),(1790,'Darcee Ianetti','PO Box 64689','2022-01-31',3,'M','Single','09215678901','Jamesy Padwick','09348901234','Sibling','2025-09-07 22:43:59'),(1791,'Ashly Fountain','Suite 97','2025-05-06',0,'M','Single','09215678901','Eddie Lande','09215678901','Sibling','2025-09-07 22:43:59'),(1792,'Temple Oulet','Room 1431','2021-11-04',3,'M','Widowed','09348901234','Giff Bynert','09215678901','Friend','2025-09-07 22:43:59'),(1793,'Brucie Howcroft','Apt 1289','2016-09-19',8,'F','Single','09215678901','Cam Parks','09348901234','Sibling','2025-09-07 22:43:59'),(1794,'Cedric Loidl','Apt 436','2019-04-18',6,'F','Widowed','09171234567','Octavia Benstead','09215678901','Mother','2025-09-07 22:43:59'),(1795,'Feliks Keenlyside','Apt 432','2015-11-16',9,'F','Widowed','09348901234','Silvie Lucy','09215678901','Spouse','2025-09-07 22:43:59'),(1796,'Shea Konerding','5th Floor','2022-04-01',3,'F','Married','09215678901','Zerk Pentelo','09215678901','Child','2025-09-07 22:43:59'),(1797,'Zarah Coulton','PO Box 65808','2016-05-14',9,'F','Married','09215678901','Aveline Divis','09215678901','Child','2025-09-07 22:43:59'),(1798,'Holmes Sandiland','Room 324','2020-01-22',5,'M','Widowed','09348901234','Joann Ruddock','09171234567','Child','2025-09-07 22:43:59'),(1799,'Isiahi Bullard','PO Box 55680','2016-10-24',8,'M','Widowed','09215678901','Bendick Eaves','09171234567','Spouse','2025-09-07 22:43:59'),(1800,'Stavros Sabathe','14th Floor','2022-02-20',3,'M','Married','09215678901','Camila Le Conte','09171234567','Child','2025-09-07 22:43:59'),(1801,'Merilee Caustick','16th Floor','2016-10-17',8,'M','Married','09171234567','Izaak Fussey','09348901234','Mother','2025-09-07 22:43:59'),(1802,'Alix Schubert','PO Box 27715','2019-05-20',6,'M','Widowed','09171234567','Clarence Holsey','09215678901','Child','2025-09-07 22:43:59'),(1803,'Sanders Greeno','Suite 42','2019-10-26',5,'M','Widowed','09348901234','Cally Mailey','09171234567','Father','2025-09-07 22:43:59'),(1804,'Hilarius Warrender','Suite 84','2024-10-03',0,'F','Single','09348901234','Duffy Manford','09215678901','Mother','2025-09-07 22:43:59'),(1805,'Killian Siggins','Apt 808','2017-02-08',8,'M','Single','09171234567','Hunter Simkiss','09215678901','Child','2025-09-07 22:43:59'),(1806,'Kaitlynn Lack','Apt 163','2024-09-10',1,'M','Married','09348901234','Gibbie O\' Flaherty','09348901234','Child','2025-09-07 22:43:59'),(1807,'Lockwood Bohje','20th Floor','2015-12-16',9,'F','Widowed','09215678901','Hillard Maccrea','09171234567','Child','2025-09-07 22:43:59'),(1808,'Delcine Decaze','Room 1422','2017-06-15',8,'M','Single','09171234567','Tobit Lambshine','09171234567','Spouse','2025-09-07 22:43:59'),(1809,'Cecil Wallett','Room 1662','2022-03-30',3,'M','Widowed','09348901234','Joye Beardmore','09171234567','Mother','2025-09-07 22:43:59'),(1810,'Wylie Bettley','PO Box 24866','2019-03-04',6,'F','Married','09171234567','Jami Delyth','09171234567','Sibling','2025-09-07 22:43:59'),(1811,'Rabi Roffey','Apt 1351','2020-01-07',5,'M','Married','09215678901','Marcellus Arton','09215678901','Friend','2025-09-07 22:43:59'),(1812,'Aguste Breen','Suite 67','2020-04-12',5,'F','Widowed','09215678901','Merrill Heatherington','09215678901','Child','2025-09-07 22:43:59'),(1813,'Wilton Shearwood','Apt 1479','2019-09-16',5,'M','Single','09215678901','Edan Wolfendale','09171234567','Friend','2025-09-07 22:43:59'),(1814,'Lynett Servis','18th Floor','2016-11-21',8,'M','Widowed','09171234567','Adriaens Hartill','09215678901','Spouse','2025-09-07 22:43:59'),(1815,'Krisha Verbeke','Suite 5','2020-08-03',5,'M','Single','09215678901','Sonny Eminson','09215678901','Spouse','2025-09-07 22:43:59'),(1816,'Petronilla Eastmead','PO Box 18392','2017-11-14',7,'F','Widowed','09348901234','Eduard Petchell','09348901234','Spouse','2025-09-07 22:43:59'),(1817,'Kirby Crew','Apt 632','2019-06-11',6,'M','Married','09348901234','Becki Scorthorne','09171234567','Child','2025-09-07 22:43:59'),(1818,'Lenna Wisniewski','PO Box 65634','2023-09-02',2,'F','Widowed','09215678901','Hugibert Minot','09348901234','Child','2025-09-07 22:43:59'),(1819,'Charlton Vaux','PO Box 17835','2017-03-22',8,'F','Single','09171234567','Mercy Jeffes','09215678901','Child','2025-09-07 22:43:59'),(1820,'Ebony Petrovykh','Room 1430','2022-08-26',3,'M','Married','09171234567','Rossy Meadmore','09348901234','Friend','2025-09-07 22:43:59'),(1821,'Freddy Touhig','20th Floor','2020-01-28',5,'M','Married','09215678901','Greta Tesche','09171234567','Spouse','2025-09-07 22:43:59'),(1822,'Lammond Croad','Apt 1592','2024-08-22',1,'M','Single','09348901234','Olly Robard','09348901234','Child','2025-09-07 22:43:59'),(1823,'Lorant Lakes','Apt 295','2017-09-18',7,'M','Married','09171234567','Malvin Bierton','09215678901','Mother','2025-09-07 22:43:59'),(1824,'Bartolomeo Grigorian','6th Floor','2015-01-18',10,'M','Single','09171234567','Warden Lowcock','09215678901','Friend','2025-09-07 22:43:59'),(1825,'Amata Colwell','Suite 14','2025-06-22',0,'F','Widowed','09348901234','Lorri Wicklin','09171234567','Mother','2025-09-07 22:43:59'),(1826,'Amii Manns','Suite 5','2018-10-13',6,'F','Single','09348901234','Doy Bricknall','09348901234','Child','2025-09-07 22:43:59'),(1827,'Misti Haycox','Suite 14','2017-04-28',8,'F','Single','09171234567','Lars Deery','09348901234','Father','2025-09-07 22:43:59'),(1828,'Leola Caroll','Room 1400','2018-06-11',7,'M','Single','09348901234','Modesta MacBain','09348901234','Child','2025-09-07 22:43:59'),(1829,'Tobin Noke','PO Box 74769','2022-03-17',3,'M','Single','09215678901','Venita Heifer','09215678901','Sibling','2025-09-07 22:43:59'),(1830,'Priscilla Elcoate','Apt 1729','2016-07-10',9,'M','Widowed','09215678901','Baxter Ricoald','09348901234','Friend','2025-09-07 22:43:59'),(1831,'Carny Enochsson','Room 442','2017-12-30',7,'M','Widowed','09348901234','Lynnea Khrishtafovich','09171234567','Friend','2025-09-07 22:43:59'),(1832,'Garner Cowey','Suite 94','2023-04-13',2,'M','Married','09348901234','Reggy Shapcott','09171234567','Child','2025-09-07 22:43:59'),(1833,'Lionello Nutt','Suite 61','2015-06-23',10,'M','Single','09215678901','Melania Siss','09171234567','Spouse','2025-09-07 22:43:59'),(1834,'Les Cundey','Suite 53','2018-10-25',6,'M','Widowed','09348901234','Cortney Trittam','09348901234','Friend','2025-09-07 22:43:59'),(1835,'Iona Hedworth','PO Box 71954','2025-07-06',0,'F','Widowed','09215678901','Billye Zipsell','09215678901','Friend','2025-09-07 22:43:59'),(1836,'Noella Arunowicz','5th Floor','2018-10-10',6,'F','Widowed','09171234567','Nate Clemitt','09215678901','Child','2025-09-07 22:43:59'),(1837,'Rebecca Clew','Suite 81','2014-11-10',10,'F','Widowed','09171234567','Rory Louis','09215678901','Father','2025-09-07 22:43:59'),(1838,'Tonye Gwillyam','3rd Floor','2016-03-26',9,'F','Single','09215678901','Sibelle Rouke','09215678901','Sibling','2025-09-07 22:43:59'),(1839,'Dominik Gerrell','Apt 571','2015-10-07',9,'M','Married','09215678901','Wilden Wigmore','09348901234','Friend','2025-09-07 22:43:59'),(1840,'Marga Imore','12th Floor','2018-11-13',6,'M','Widowed','09215678901','Eleni Dahlman','09215678901','Friend','2025-09-07 22:43:59'),(1841,'Deni Sprull','Suite 78','2015-09-06',10,'M','Single','09215678901','Libbey MacInerney','09171234567','Child','2025-09-07 22:43:59'),(1842,'Kaleena Roll','Room 1865','2015-08-12',10,'M','Widowed','09171234567','Leann Neenan','09171234567','Sibling','2025-09-07 22:43:59'),(1843,'Harriette Whiles','Room 1950','2020-03-13',5,'M','Single','09171234567','Tarrance Kondrachenko','09171234567','Father','2025-09-07 22:43:59'),(1844,'Elisa Deverock','8th Floor','2019-05-20',6,'M','Married','09348901234','Laverne McMonnies','09348901234','Mother','2025-09-07 22:43:59'),(1845,'Kathleen Penvarne','PO Box 1841','2020-06-08',5,'F','Single','09215678901','Sidonia Treweke','09215678901','Mother','2025-09-07 22:43:59'),(1846,'Geoffrey Helbeck','Room 1559','2016-02-15',9,'M','Widowed','09348901234','Gardner Bensley','09215678901','Mother','2025-09-07 22:43:59'),(1847,'Felix Whicher','PO Box 82810','2021-02-19',4,'M','Single','09215678901','Ethelind Hambrick','09171234567','Friend','2025-09-07 22:43:59'),(1848,'Romonda Blabber','Apt 775','2024-08-14',1,'F','Married','09348901234','Carolann Agius','09348901234','Mother','2025-09-07 22:43:59'),(1849,'Benedicto Tuma','PO Box 53819','2020-02-22',5,'M','Married','09215678901','Dorolisa Fairfull','09215678901','Father','2025-09-07 22:43:59'),(1850,'Brooks Hancell','Room 940','2019-06-18',6,'F','Single','09215678901','Mathilda Couth','09215678901','Child','2025-09-07 22:43:59'),(1851,'Xever Sessuns','Suite 72','2017-09-23',7,'F','Single','09215678901','Humfrid Figge','09171234567','Sibling','2025-09-07 22:43:59'),(1852,'Danya Ferrandez','Room 419','2015-11-05',9,'F','Single','09348901234','Worthington Lysons','09215678901','Friend','2025-09-07 22:43:59'),(1853,'Wally Runnalls','Suite 39','2017-12-07',7,'M','Widowed','09348901234','Lorin Partington','09171234567','Spouse','2025-09-07 22:43:59'),(1854,'Thomasina Fereday','PO Box 76095','2022-06-20',3,'F','Single','09171234567','Franklin Jiru','09171234567','Mother','2025-09-07 22:43:59'),(1855,'Flore Rivilis','Room 1428','2016-12-20',8,'M','Widowed','09348901234','Jere Woodvine','09348901234','Father','2025-09-07 22:43:59'),(1856,'Constanta Fante','Suite 69','2020-06-02',5,'M','Widowed','09215678901','Vivi Lafont','09171234567','Father','2025-09-07 22:43:59'),(1857,'Cesaro Utridge','12th Floor','2025-09-03',0,'F','Widowed','09171234567','Martynne Hoffner','09215678901','Mother','2025-09-07 22:43:59'),(1858,'Isabeau Muzzall','PO Box 97274','2021-08-05',4,'F','Widowed','09171234567','Caty Checci','09215678901','Friend','2025-09-07 22:43:59'),(1859,'Felita Helix','Room 1779','2024-08-04',1,'F','Married','09215678901','Tandy Goude','09215678901','Child','2025-09-07 22:43:59'),(1860,'Meade Agiolfinger','2nd Floor','2015-05-20',10,'F','Married','09215678901','Lanita Creavin','09215678901','Mother','2025-09-07 22:43:59'),(1861,'Haywood Balke','PO Box 90720','2023-06-05',2,'M','Married','09171234567','Oby Culkin','09171234567','Friend','2025-09-07 22:43:59'),(1862,'Helsa Innis','Apt 1545','2018-07-24',7,'F','Married','09171234567','Valentia Lampitt','09171234567','Friend','2025-09-07 22:43:59'),(1863,'Randie Rainy','Room 333','2022-09-09',3,'M','Married','09171234567','Winfred Marrion','09171234567','Mother','2025-09-07 22:43:59'),(1864,'Elberta Peaurt','Apt 1127','2019-04-01',6,'M','Widowed','09171234567','Ignazio Killcross','09215678901','Child','2025-09-07 22:43:59'),(1865,'Chane Wittey','Apt 192','2020-06-06',5,'F','Single','09171234567','Anson Deval','09348901234','Mother','2025-09-07 22:43:59'),(1866,'Linc Skyram','Suite 37','2021-11-22',3,'M','Married','09171234567','Emilee Scoble','09215678901','Friend','2025-09-07 22:43:59'),(1867,'Hagan Kas','5th Floor','2017-06-20',8,'M','Single','09215678901','Porty Saich','09215678901','Child','2025-09-07 22:43:59'),(1868,'Doloritas Bulch','Suite 81','2021-07-14',4,'M','Single','09348901234','Carver Abramowitz','09215678901','Mother','2025-09-07 22:43:59'),(1869,'Elysia Edgson','PO Box 92640','2018-02-06',7,'M','Married','09215678901','Packston Middlemist','09215678901','Child','2025-09-07 22:43:59'),(1870,'Pepi Gudgeon','Room 1250','2022-11-06',2,'F','Widowed','09171234567','Christie Wilfinger','09171234567','Child','2025-09-07 22:43:59'),(1871,'Klement Haslen','Apt 626','2022-02-27',3,'F','Married','09171234567','Hermon Fellona','09171234567','Sibling','2025-09-07 22:43:59'),(1872,'Ab Turgoose','Apt 818','2018-11-12',6,'F','Single','09171234567','Wilbert Kidman','09348901234','Mother','2025-09-07 22:43:59'),(1873,'Amandie Dumphrey','PO Box 52750','2017-04-18',8,'F','Widowed','09215678901','Sam Alvarado','09215678901','Mother','2025-09-07 22:43:59'),(1874,'Grant Meaders','Room 1575','2016-09-03',9,'M','Widowed','09171234567','Ally Purton','09348901234','Mother','2025-09-07 22:43:59'),(1875,'Suzi Reeme','4th Floor','2025-02-24',0,'M','Single','09215678901','Fancy Zuanazzi','09171234567','Father','2025-09-07 22:43:59'),(1876,'Julia Sheasby','PO Box 22981','2021-05-12',4,'M','Single','09348901234','Chelsae Strognell','09348901234','Father','2025-09-07 22:43:59'),(1877,'Guillermo Dagnan','Apt 298','2015-08-28',10,'M','Widowed','09348901234','Claude Laughrey','09171234567','Child','2025-09-07 22:43:59'),(1878,'Welby McCaughen','Apt 810','2023-06-15',2,'M','Single','09348901234','Barnett Wyllis','09215678901','Sibling','2025-09-07 22:43:59'),(1879,'Bell Gush','Suite 62','2024-05-11',1,'F','Married','09215678901','Yorke Quinnet','09348901234','Sibling','2025-09-07 22:43:59'),(1880,'Marinna Daborne','1st Floor','2020-10-23',4,'F','Single','09171234567','Hobard Chessill','09171234567','Sibling','2025-09-07 22:43:59'),(1881,'Leta Perrinchief','Suite 5','2019-01-22',6,'F','Single','09348901234','Donny Campbell','09348901234','Sibling','2025-09-07 22:43:59'),(1882,'Florenza Hearns','Apt 21','2020-08-04',5,'F','Widowed','09171234567','Burch Munden','09348901234','Friend','2025-09-07 22:43:59'),(1883,'Lexis Davenall','Suite 52','2022-06-27',3,'M','Married','09171234567','Eustacia Addicott','09171234567','Child','2025-09-07 22:43:59'),(1884,'Jephthah De Fraine','11th Floor','2016-06-17',9,'M','Widowed','09348901234','Eugine Maciejewski','09348901234','Friend','2025-09-07 22:43:59'),(1885,'Isadore Petrillo','Room 1625','2024-04-06',1,'M','Married','09348901234','Tera Scawen','09171234567','Spouse','2025-09-07 22:43:59'),(1886,'Tanya Gligoraci','PO Box 55570','2022-04-19',3,'F','Widowed','09171234567','Kalina Swadlen','09348901234','Sibling','2025-09-07 22:43:59'),(1887,'Margarete Tilbrook','Suite 82','2018-10-13',6,'F','Married','09171234567','Lyon Hrihorovich','09348901234','Mother','2025-09-07 22:43:59'),(1888,'Erda Benes','Apt 1019','2021-06-26',4,'M','Single','09348901234','Teddie Bog','09171234567','Spouse','2025-09-07 22:43:59'),(1889,'Esma Purves','Room 73','2017-08-29',8,'F','Single','09215678901','Barrie Bowdler','09215678901','Child','2025-09-07 22:43:59'),(1890,'Pasquale Dallimore','Suite 64','2019-10-14',5,'M','Widowed','09348901234','Rici Lampet','09215678901','Spouse','2025-09-07 22:43:59'),(1891,'Aileen Battson','Apt 1845','2021-01-30',4,'F','Single','09348901234','Angelico McIlwrick','09171234567','Sibling','2025-09-07 22:43:59'),(1892,'Malynda Amberger','Apt 1990','2020-06-01',5,'F','Married','09171234567','Patty Jersh','09171234567','Spouse','2025-09-07 22:43:59'),(1893,'Naoma Dreger','1st Floor','2018-09-17',6,'F','Widowed','09348901234','Karol Chatfield','09215678901','Father','2025-09-07 22:43:59'),(1894,'Charley Ketteringham','1st Floor','2017-11-21',7,'F','Single','09171234567','Hurleigh Malia','09215678901','Child','2025-09-07 22:43:59'),(1895,'Kristyn Eburne','PO Box 8954','2022-12-03',2,'M','Married','09171234567','Stevy Burel','09215678901','Child','2025-09-07 22:43:59'),(1896,'Brett O\'Henehan','Apt 1323','2016-11-01',8,'F','Widowed','09215678901','Solly Stoakley','09215678901','Sibling','2025-09-07 22:43:59'),(1897,'Kiley Elliss','12th Floor','2015-07-03',10,'M','Widowed','09348901234','Caroline Recher','09348901234','Mother','2025-09-07 22:43:59'),(1898,'Meredith Shillabear','PO Box 21512','2016-09-20',8,'M','Married','09215678901','Bank Lanigan','09171234567','Spouse','2025-09-07 22:43:59'),(1899,'Huntley Chesney','Suite 40','2023-04-07',2,'M','Single','09348901234','Lissi Colnet','09348901234','Friend','2025-09-07 22:43:59'),(1900,'Janaya Killoran','13th Floor','2018-05-20',7,'M','Widowed','09348901234','Nedda Nanuccioi','09348901234','Child','2025-09-07 22:43:59'),(1901,'Barr Rodear','Apt 402','2016-10-03',8,'F','Single','09171234567','Jimmy Dignam','09171234567','Father','2025-09-07 22:43:59'),(1902,'Mignon Brakewell','Suite 8','2018-01-05',7,'M','Married','09215678901','Jacqueline Lemmon','09348901234','Father','2025-09-07 22:43:59'),(1903,'Franklyn Leamon','Apt 407','2019-05-13',6,'F','Widowed','09348901234','Bidget Markie','09215678901','Child','2025-09-07 22:43:59'),(1904,'Jedidiah Jaslem','Suite 10','2019-07-31',6,'F','Married','09171234567','Maryl McFaul','09348901234','Mother','2025-09-07 22:43:59'),(1905,'Jimmy Newhouse','Room 1655','2022-10-23',2,'M','Widowed','09348901234','Joni Hessentaler','09171234567','Father','2025-09-07 22:43:59'),(1906,'Rhonda Boother','PO Box 71783','2020-01-07',5,'M','Married','09215678901','Madelin Demcik','09171234567','Father','2025-09-07 22:43:59'),(1907,'Eugen L\'oiseau','Room 449','2016-01-25',9,'M','Widowed','09171234567','Dick Kendred','09215678901','Father','2025-09-07 22:43:59'),(1908,'Wendall Whines','Apt 1997','2017-09-03',8,'M','Single','09215678901','Taddeo Shapera','09215678901','Mother','2025-09-07 22:43:59'),(1909,'Anjela O\' Connell','14th Floor','2023-11-18',1,'F','Single','09348901234','Faina Crumpe','09348901234','Mother','2025-09-07 22:43:59'),(1910,'Feliks Padilla','2nd Floor','2022-01-23',3,'M','Married','09348901234','Iseabal Vanichev','09171234567','Father','2025-09-07 22:43:59'),(1911,'Morey Hadny','Suite 91','2023-02-08',2,'F','Single','09215678901','Titus Wegner','09348901234','Friend','2025-09-07 22:43:59'),(1912,'Charlena Iacovaccio','Room 60','2016-02-21',9,'F','Single','09171234567','Fulvia Ramsay','09348901234','Spouse','2025-09-07 22:43:59'),(1913,'Byron Himpson','PO Box 19035','2020-07-14',5,'F','Widowed','09215678901','Royce Matyugin','09215678901','Friend','2025-09-07 22:43:59'),(1914,'Nathalia McGloughlin','Apt 652','2016-07-19',9,'M','Married','09171234567','Davida d\' Elboux','09348901234','Child','2025-09-07 22:43:59'),(1915,'Siouxie Ciciura','19th Floor','2020-08-29',5,'M','Single','09348901234','Chandra Lippini','09171234567','Spouse','2025-09-07 22:43:59'),(1916,'Abbi Arnaudet','PO Box 18068','2018-12-03',6,'F','Widowed','09215678901','Woodrow Scruby','09348901234','Spouse','2025-09-07 22:43:59'),(1917,'Delaney De Giorgi','Suite 50','2017-06-03',8,'M','Widowed','09171234567','Wait Lasslett','09348901234','Mother','2025-09-07 22:43:59'),(1918,'Andra Frammingham','Suite 99','2016-01-31',9,'M','Single','09215678901','Jilleen Cremen','09215678901','Sibling','2025-09-07 22:43:59'),(1919,'Ellary Garioch','Room 1169','2021-01-25',4,'F','Single','09171234567','Emilee Feaster','09348901234','Child','2025-09-07 22:43:59'),(1920,'Gwenora Tock','PO Box 56623','2023-10-22',1,'M','Widowed','09171234567','Ellerey Mockford','09215678901','Father','2025-09-07 22:43:59'),(1921,'Jerome Norridge','Apt 1654','2016-05-10',9,'M','Single','09348901234','Allsun Leason','09171234567','Father','2025-09-07 22:43:59'),(1922,'Silvio Koppens','Apt 948','2022-01-26',3,'M','Married','09171234567','Cordula Tower','09171234567','Sibling','2025-09-07 22:43:59'),(1923,'Heath Semorad','Suite 59','2022-01-19',3,'F','Widowed','09215678901','Lyn Poppy','09215678901','Sibling','2025-09-07 22:43:59'),(1924,'Opal Jaggers','Suite 33','2025-07-07',0,'F','Married','09171234567','Yorgo Becker','09171234567','Sibling','2025-09-07 22:43:59'),(1925,'Shelby Blagdon','Apt 671','2017-12-27',7,'F','Widowed','09171234567','Sandi Bridgestock','09348901234','Child','2025-09-07 22:43:59'),(1926,'Sheila-kathryn Mayling','Apt 249','2020-06-25',5,'M','Widowed','09215678901','Cindra Eager','09215678901','Mother','2025-09-07 22:43:59'),(1927,'Martie Stobbs','Room 623','2023-07-24',2,'M','Single','09215678901','Reece Arsey','09348901234','Friend','2025-09-07 22:43:59'),(1928,'Rani Coffin','Room 1038','2020-11-24',4,'M','Married','09171234567','Sigismondo Garth','09171234567','Spouse','2025-09-07 22:43:59'),(1929,'Ileana Brodnecke','Suite 46','2023-10-30',1,'F','Single','09215678901','Tabbi Robjents','09215678901','Friend','2025-09-07 22:43:59'),(1930,'Marie-jeanne Brownett','6th Floor','2022-10-07',2,'F','Married','09215678901','Mitchael MacAlinden','09348901234','Father','2025-09-07 22:43:59'),(1931,'Kristine D\'Hooge','7th Floor','2016-08-27',9,'M','Single','09215678901','Kurt Nassie','09348901234','Sibling','2025-09-07 22:43:59'),(1932,'Obie Santino','Apt 1783','2020-07-23',5,'M','Single','09348901234','Misty Pobjoy','09171234567','Spouse','2025-09-07 22:43:59'),(1933,'Norah Snodin','Apt 438','2022-06-08',3,'F','Single','09348901234','Hoebart Mathon','09171234567','Friend','2025-09-07 22:43:59'),(1934,'Odilia Klassman','PO Box 54263','2018-03-18',7,'F','Married','09171234567','Sandro Greste','09348901234','Mother','2025-09-07 22:43:59'),(1935,'Merrili Oakenfull','Apt 138','2019-01-03',6,'F','Widowed','09171234567','Marijo Pond-Jones','09171234567','Sibling','2025-09-07 22:43:59'),(1936,'Imogene Jacobsen','Room 1861','2023-07-21',2,'M','Single','09348901234','Patrizia Drysdell','09215678901','Sibling','2025-09-07 22:43:59'),(1937,'Cassy Corington','18th Floor','2021-11-27',3,'M','Widowed','09348901234','Rafaelia Salatino','09215678901','Mother','2025-09-07 22:43:59'),(1938,'Sylvia Larchier','PO Box 28803','2024-04-07',1,'F','Widowed','09215678901','Devan Telega','09171234567','Sibling','2025-09-07 22:43:59'),(1939,'Chere Maides','4th Floor','2022-03-09',3,'M','Widowed','09171234567','Armando Folli','09171234567','Mother','2025-09-07 22:43:59'),(1940,'Meggi Strethill','Room 47','2016-08-13',9,'M','Single','09348901234','Goran Eyam','09348901234','Sibling','2025-09-07 22:43:59'),(1941,'Charisse Cage','Room 1242','2016-12-08',8,'F','Widowed','09348901234','Gregorio Sendall','09348901234','Spouse','2025-09-07 22:43:59'),(1942,'Darryl Chatters','Suite 15','2015-02-12',10,'F','Widowed','09215678901','Ancell Naire','09215678901','Sibling','2025-09-07 22:43:59'),(1943,'Evonne Avo','15th Floor','2021-05-18',4,'F','Single','09171234567','Denis De Witt','09348901234','Child','2025-09-07 22:43:59'),(1944,'Barbee Savege','13th Floor','2021-02-18',4,'M','Widowed','09348901234','Lark Donoher','09171234567','Father','2025-09-07 22:43:59'),(1945,'Tait Hallybone','Apt 380','2015-04-18',10,'F','Married','09348901234','Luelle Hake','09215678901','Child','2025-09-07 22:43:59'),(1946,'Horacio Gutcher','5th Floor','2017-09-27',7,'F','Widowed','09171234567','Prentice Brightey','09348901234','Friend','2025-09-07 22:43:59'),(1947,'Rochester Kingwell','Apt 1664','2022-04-18',3,'M','Widowed','09348901234','Trescha Runham','09215678901','Sibling','2025-09-07 22:43:59'),(1948,'Babbette Cornfoot','PO Box 97138','2023-08-04',2,'M','Single','09215678901','Kordula Lazonby','09171234567','Mother','2025-09-07 22:43:59'),(1949,'Garrett Sudy','7th Floor','2020-01-13',5,'M','Single','09171234567','Blanca Perett','09215678901','Child','2025-09-07 22:43:59'),(1950,'Sheridan Capnerhurst','PO Box 14005','2022-07-26',3,'F','Single','09348901234','Raynor Feehily','09171234567','Father','2025-09-07 22:43:59'),(1951,'Malinda Jansens','PO Box 922','2017-09-11',8,'M','Widowed','09215678901','Andreana Cammis','09215678901','Spouse','2025-09-07 22:43:59'),(1952,'Julita Desvignes','Apt 432','2021-02-10',4,'F','Widowed','09171234567','Stacee Clother','09171234567','Father','2025-09-07 22:43:59'),(1953,'Barby Butters','Suite 73','2017-11-05',7,'M','Single','09215678901','Jessi Luter','09348901234','Sibling','2025-09-07 22:43:59'),(1954,'Mandi Heard','Suite 90','2023-09-29',1,'F','Widowed','09215678901','Hadrian Iacoboni','09215678901','Spouse','2025-09-07 22:43:59'),(1955,'Langsdon Gellan','Suite 66','2016-10-26',8,'M','Single','09348901234','Arleta Kimmitt','09215678901','Friend','2025-09-07 22:43:59'),(1956,'Jaimie Brushfield','Suite 77','2019-06-09',6,'M','Married','09171234567','Cobby Vannuccinii','09171234567','Father','2025-09-07 22:43:59'),(1957,'Thekla Harmond','Apt 1980','2018-02-27',7,'F','Single','09215678901','Arlen McFater','09215678901','Child','2025-09-07 22:43:59'),(1958,'Jorge Ackred','Room 424','2022-01-25',3,'F','Married','09171234567','Sanders Dunsmuir','09348901234','Mother','2025-09-07 22:43:59'),(1959,'Joline Weed','19th Floor','2015-09-22',9,'F','Married','09348901234','Eachelle Kindon','09348901234','Mother','2025-09-07 22:43:59'),(1960,'Roberto Reede','13th Floor','2021-04-18',4,'M','Single','09348901234','Selestina Cabell','09348901234','Friend','2025-09-07 22:43:59'),(1961,'Adriane Millgate','PO Box 73204','2017-04-18',8,'M','Single','09171234567','Rosalyn Peddersen','09171234567','Father','2025-09-07 22:43:59'),(1962,'Cleo Clem','5th Floor','2020-07-17',5,'M','Single','09215678901','Kelsi Hebden','09348901234','Friend','2025-09-07 22:43:59'),(1963,'Gunter Bodleigh','7th Floor','2020-04-26',5,'M','Widowed','09348901234','Trip McParlin','09215678901','Mother','2025-09-07 22:43:59'),(1964,'Shalom Fontenot','PO Box 11393','2024-08-10',1,'F','Widowed','09348901234','Stefania Cartwight','09171234567','Child','2025-09-07 22:43:59'),(1965,'Ozzie Trimming','Room 49','2017-06-28',8,'F','Single','09348901234','Kathe McQuillin','09171234567','Spouse','2025-09-07 22:43:59'),(1966,'Tallou Aylett','Suite 42','2015-04-11',10,'F','Married','09215678901','Codie Tolan','09215678901','Father','2025-09-07 22:43:59'),(1967,'Letta Oehm','Room 279','2020-05-08',5,'F','Married','09171234567','Fallon Kubecka','09171234567','Mother','2025-09-07 22:43:59'),(1968,'Rutter Nucator','PO Box 54545','2019-10-29',5,'M','Widowed','09215678901','Agnes Neely','09215678901','Sibling','2025-09-07 22:43:59'),(1969,'Remy Pedler','14th Floor','2023-08-07',2,'M','Single','09215678901','Tobey Morewood','09348901234','Spouse','2025-09-07 22:43:59'),(1970,'Ina Ennals','PO Box 37656','2025-06-19',0,'M','Married','09171234567','Ben Vedyasov','09171234567','Friend','2025-09-07 22:43:59'),(1971,'Shaw Cess','Apt 1070','2017-08-08',8,'M','Married','09171234567','Mandel Kernar','09348901234','Child','2025-09-07 22:43:59'),(1972,'Deane Naisby','Room 941','2019-06-05',6,'F','Widowed','09171234567','Pieter Chant','09215678901','Child','2025-09-07 22:43:59'),(1973,'Troy Gilliatt','Apt 179','2015-04-11',10,'F','Single','09215678901','Silvanus McEwen','09348901234','Friend','2025-09-07 22:43:59'),(1974,'Gigi Coupar','Suite 61','2021-04-04',4,'M','Married','09348901234','Consolata Girth','09215678901','Child','2025-09-07 22:43:59'),(1975,'Leonelle Toohey','PO Box 44793','2025-04-11',0,'F','Widowed','09215678901','Derward Axell','09171234567','Child','2025-09-07 22:43:59'),(1976,'Charis Ruskin','Suite 21','2024-11-16',0,'F','Single','09215678901','Pattin Lead','09171234567','Father','2025-09-07 22:43:59'),(1977,'Duncan Goulborne','PO Box 7062','2016-05-02',9,'M','Widowed','09215678901','Jena Hutcheson','09215678901','Mother','2025-09-07 22:43:59'),(1978,'Dallas Jellings','Room 410','2022-02-04',3,'M','Widowed','09171234567','Ryan Fannin','09215678901','Child','2025-09-07 22:43:59'),(1979,'Rebe Liffe','Apt 1594','2016-05-27',9,'F','Single','09348901234','Emily O\'Hagerty','09215678901','Sibling','2025-09-07 22:43:59'),(1980,'Annis Van der Hoven','PO Box 2635','2024-06-23',1,'M','Married','09348901234','Ericka Pattenden','09171234567','Mother','2025-09-07 22:43:59'),(1981,'Stanleigh Dumsday','Room 1305','2015-02-04',10,'M','Married','09171234567','Kristofer Reedie','09215678901','Sibling','2025-09-07 22:43:59'),(1982,'Donelle Scohier','Apt 540','2020-06-09',5,'M','Single','09348901234','Olenolin Whittlesea','09215678901','Child','2025-09-07 22:43:59'),(1983,'Dore Klimt','Room 149','2025-08-26',0,'M','Widowed','09348901234','Jourdan Wear','09348901234','Father','2025-09-07 22:43:59'),(1984,'Robby Archambault','Suite 35','2017-09-04',8,'F','Widowed','09215678901','Heidi Nare','09171234567','Friend','2025-09-07 22:43:59'),(1985,'Dolores Tidd','Suite 52','2022-12-28',2,'F','Single','09171234567','Mattias Jessep','09171234567','Sibling','2025-09-07 22:43:59'),(1986,'Francine Tidmarsh','Apt 1641','2020-08-06',5,'M','Widowed','09171234567','Lyndel Bulcroft','09171234567','Sibling','2025-09-07 22:43:59'),(1987,'Micah Heditch','PO Box 93209','2016-09-01',9,'F','Widowed','09171234567','Filbert Forber','09215678901','Father','2025-09-07 22:43:59'),(1988,'Knox Clever','Apt 952','2019-04-12',6,'F','Widowed','09171234567','Chrystal Nucciotti','09171234567','Friend','2025-09-07 22:43:59'),(1989,'Margarita Connal','Suite 45','2020-12-31',4,'F','Married','09348901234','Cordula Ledeker','09215678901','Mother','2025-09-07 22:43:59'),(1990,'Chrystel Rooke','PO Box 24364','2020-07-04',5,'F','Single','09171234567','Huey Whitmarsh','09215678901','Spouse','2025-09-07 22:43:59'),(1991,'Gwenny Rickis','Suite 17','2021-02-20',4,'M','Married','09215678901','Lacie Grieveson','09215678901','Sibling','2025-09-07 22:43:59'),(1992,'Daphne Yallop','2nd Floor','2015-01-24',10,'F','Married','09215678901','Arnaldo Harmour','09215678901','Friend','2025-09-07 22:43:59'),(1993,'Taylor Yoell','Suite 49','2025-01-02',0,'M','Single','09171234567','Sioux Hollyer','09171234567','Friend','2025-09-07 22:43:59'),(1994,'Marven Pert','Suite 56','2021-08-25',4,'F','Married','09348901234','Tedra Cuttelar','09215678901','Spouse','2025-09-07 22:43:59'),(1995,'York Sproat','Apt 1291','2022-12-01',2,'F','Widowed','09215678901','Alexina Greve','09215678901','Child','2025-09-07 22:43:59'),(1996,'Gabriell Siggery','Apt 1603','2019-01-13',6,'F','Married','09215678901','Finlay Spridgeon','09215678901','Father','2025-09-07 22:43:59'),(1997,'Immanuel Sheryne','7th Floor','2017-01-26',8,'M','Married','09215678901','Malena McInnery','09171234567','Mother','2025-09-07 22:43:59'),(1998,'Florenza Bartalin','20th Floor','2016-02-08',9,'M','Married','09215678901','Harper Legh','09171234567','Spouse','2025-09-07 22:43:59'),(1999,'Eveline Summergill','Suite 9','2021-01-04',4,'M','Single','09348901234','Christopher Spiteri','09215678901','Sibling','2025-09-07 22:43:59'),(2000,'Heather Bolderson','Apt 1001','2018-12-26',6,'F','Married','09215678901','Karen Bullan','09171234567','Mother','2025-09-07 22:43:59'),(2001,'Giraud Audiss','13th Floor','2016-12-15',8,'M','Married','09171234567','Lorelle Giacovazzo','09171234567','Sibling','2025-09-07 22:43:59');
/*!40000 ALTER TABLE `patients` ENABLE KEYS */;
UNLOCK TABLES;

--
-- Table structure for table `sales`
--

DROP TABLE IF EXISTS `sales`;
/*!40101 SET @saved_cs_client     = @@character_set_client */;
/*!50503 SET character_set_client = utf8mb4 */;
CREATE TABLE `sales` (
  `sale_id` int NOT NULL AUTO_INCREMENT,
  `item_id` int NOT NULL,
  `quantity` int NOT NULL,
  `unit_price` decimal(10,2) NOT NULL,
  `discount_amount` decimal(10,2) DEFAULT '0.00',
  `tax_amount` decimal(10,2) DEFAULT '0.00',
  `total_price` decimal(10,2) NOT NULL,
  `sale_date` datetime DEFAULT CURRENT_TIMESTAMP,
  PRIMARY KEY (`sale_id`),
  KEY `item_id` (`item_id`),
  CONSTRAINT `sales_ibfk_1` FOREIGN KEY (`item_id`) REFERENCES `items` (`item_id`)
) ENGINE=InnoDB DEFAULT CHARSET=utf8mb4 COLLATE=utf8mb4_0900_ai_ci;
/*!40101 SET character_set_client = @saved_cs_client */;

--
-- Dumping data for table `sales`
--

LOCK TABLES `sales` WRITE;
/*!40000 ALTER TABLE `sales` DISABLE KEYS */;
/*!40000 ALTER TABLE `sales` ENABLE KEYS */;
UNLOCK TABLES;

--
-- Temporary view structure for view `sales_report`
--

DROP TABLE IF EXISTS `sales_report`;
/*!50001 DROP VIEW IF EXISTS `sales_report`*/;
SET @saved_cs_client     = @@character_set_client;
/*!50503 SET character_set_client = utf8mb4 */;
/*!50001 CREATE VIEW `sales_report` AS SELECT 
 1 AS `movement_id`,
 1 AS `movement_date`,
 1 AS `item_id`,
 1 AS `item_name`,
 1 AS `description`,
 1 AS `category`,
 1 AS `cost_price`,
 1 AS `selling_price`,
 1 AS `quantity`,
 1 AS `discount_amount`,
 1 AS `tax_amount`,
 1 AS `gross_total`,
 1 AS `net_total`*/;
SET character_set_client = @saved_cs_client;

--
-- Table structure for table `stock_movements`
--

DROP TABLE IF EXISTS `stock_movements`;
/*!40101 SET @saved_cs_client     = @@character_set_client */;
/*!50503 SET character_set_client = utf8mb4 */;
CREATE TABLE `stock_movements` (
  `movement_id` int NOT NULL AUTO_INCREMENT,
  `item_id` int NOT NULL,
  `movement_type` enum('IN','OUT') NOT NULL,
  `quantity` int NOT NULL,
  `discount_amount` decimal(10,2) DEFAULT NULL,
  `tax_amount` decimal(10,2) DEFAULT NULL,
  `movement_date` timestamp NULL DEFAULT CURRENT_TIMESTAMP,
  PRIMARY KEY (`movement_id`),
  KEY `item_id` (`item_id`),
  KEY `discount_id` (`discount_amount`),
  KEY `tax_id` (`tax_amount`),
  CONSTRAINT `stock_movements_ibfk_1` FOREIGN KEY (`item_id`) REFERENCES `items` (`item_id`) ON DELETE CASCADE
) ENGINE=InnoDB AUTO_INCREMENT=43 DEFAULT CHARSET=utf8mb4 COLLATE=utf8mb4_0900_ai_ci;
/*!40101 SET character_set_client = @saved_cs_client */;

--
-- Dumping data for table `stock_movements`
--

LOCK TABLES `stock_movements` WRITE;
/*!40000 ALTER TABLE `stock_movements` DISABLE KEYS */;
INSERT INTO `stock_movements` VALUES (40,19,'IN',100,0.00,180.00,'2025-09-12 20:25:36'),(41,19,'OUT',10,15.00,16.20,'2025-09-12 20:25:42'),(42,19,'OUT',10,0.00,18.00,'2025-09-12 20:26:00');
/*!40000 ALTER TABLE `stock_movements` ENABLE KEYS */;
UNLOCK TABLES;

--
-- Table structure for table `system_settings`
--

DROP TABLE IF EXISTS `system_settings`;
/*!40101 SET @saved_cs_client     = @@character_set_client */;
/*!50503 SET character_set_client = utf8mb4 */;
CREATE TABLE `system_settings` (
  `setting_id` int NOT NULL AUTO_INCREMENT,
  `setting_key` varchar(100) NOT NULL,
  `setting_value` varchar(200) NOT NULL,
  `description` text,
  `created_at` timestamp NULL DEFAULT CURRENT_TIMESTAMP,
  `updated_at` timestamp NULL DEFAULT CURRENT_TIMESTAMP ON UPDATE CURRENT_TIMESTAMP,
  PRIMARY KEY (`setting_id`),
  UNIQUE KEY `setting_key` (`setting_key`)
) ENGINE=InnoDB AUTO_INCREMENT=38 DEFAULT CHARSET=utf8mb4 COLLATE=utf8mb4_0900_ai_ci;
/*!40101 SET character_set_client = @saved_cs_client */;

--
-- Dumping data for table `system_settings`
--

LOCK TABLES `system_settings` WRITE;
/*!40000 ALTER TABLE `system_settings` DISABLE KEYS */;
INSERT INTO `system_settings` VALUES (19,'tax_percentage','12.00','Default VAT percentage applied to all items if not specified','2025-09-12 17:11:00','2025-09-12 17:11:00'),(20,'discount_percentage','10.00','Default discount for patients if not specified on item level','2025-09-12 17:11:00','2025-09-12 19:00:13'),(21,'default_currency','PHP','Default currency of the system','2025-09-12 17:11:00','2025-09-12 17:11:00'),(22,'currency_symbol','₱','Currency symbol for displaying prices','2025-09-12 17:11:00','2025-09-12 17:11:00'),(23,'invoice_prefix','INV','Prefix used when generating invoice numbers','2025-09-12 17:11:00','2025-09-12 17:11:00'),(24,'allow_negative_stock','0','Flag to allow or disallow negative stock. 0 = No, 1 = Yes','2025-09-12 17:11:00','2025-09-12 17:11:00'),(25,'low_stock_threshold','10','System alert threshold for low stock levels','2025-09-12 17:11:00','2025-09-12 17:11:00'),(26,'clinic_name','ENT Clinic Inventory System','Display name of the clinic in reports and headers','2025-09-12 17:11:00','2025-09-12 17:11:00'),(27,'clinic_address','388 E. Lopez St., Jaro, Iloilo City (Front of Robinsons Jaro)','Clinic Address','2025-09-12 17:11:00','2025-09-12 17:11:00'),(28,'clinic_tel','329-1796','Clinic Telephone Number','2025-09-12 17:11:00','2025-09-12 17:11:00'),(29,'clinic_mobile','0925-5000149','Clinic Mobile Number','2025-09-12 17:11:00','2025-09-12 17:11:00'),(30,'clinic_hours','Mon, Tue, Thu, Fri, Sat  11:00 AM – 2:00 PM','Clinic Operating Hours','2025-09-12 17:11:00','2025-09-12 17:11:00'),(31,'clinic_affiliations','St. Paul’s Hospital, Iloilo Doctors’ Hospital, Iloilo Mission Hospital, Western Visayas Medical Center, WVSU Med Center, Medicus Ambulatory, Metro Iloilo Hospital','Hospital Affiliations','2025-09-12 17:11:00','2025-09-12 17:11:00'),(32,'report_header','ENT CLINIC - OFFICIAL REPORT','Header text for printed reports','2025-09-12 17:11:00','2025-09-12 17:11:00'),(33,'report_footer','Thank you for trusting our clinic!','Footer text for printed reports','2025-09-12 17:11:00','2025-09-12 17:11:00'),(34,'date_format','yyyy-MM-dd','Default date format used across the system','2025-09-12 17:11:00','2025-09-12 17:11:00'),(35,'time_format','hh:mm tt','Default time format used across the system','2025-09-12 17:11:00','2025-09-12 17:11:00'),(36,'records_per_page','20','Default number of records to display in data grids','2025-09-12 17:11:00','2025-09-12 17:11:00'),(37,'markup_percentage','50','Provides a profit margin on each sale','2025-09-12 20:09:24','2025-09-12 20:11:10');
/*!40000 ALTER TABLE `system_settings` ENABLE KEYS */;
UNLOCK TABLES;

--
-- Table structure for table `user`
--

DROP TABLE IF EXISTS `user`;
/*!40101 SET @saved_cs_client     = @@character_set_client */;
/*!50503 SET character_set_client = utf8mb4 */;
CREATE TABLE `user` (
  `user_id` int NOT NULL AUTO_INCREMENT,
  `username` varchar(50) NOT NULL,
  `password` varchar(255) NOT NULL,
  `full_name` varchar(100) NOT NULL,
  `role` varchar(45) NOT NULL,
  PRIMARY KEY (`user_id`),
  UNIQUE KEY `username` (`username`)
) ENGINE=InnoDB AUTO_INCREMENT=3 DEFAULT CHARSET=utf8mb4 COLLATE=utf8mb4_0900_ai_ci;
/*!40101 SET character_set_client = @saved_cs_client */;

--
-- Dumping data for table `user`
--

LOCK TABLES `user` WRITE;
/*!40000 ALTER TABLE `user` DISABLE KEYS */;
INSERT INTO `user` VALUES (1,'a','a','Receptioist','receptionist'),(2,'d','d','Doctor','doctor');
/*!40000 ALTER TABLE `user` ENABLE KEYS */;
UNLOCK TABLES;

--
-- Final view structure for view `sales_report`
--

/*!50001 DROP VIEW IF EXISTS `sales_report`*/;
/*!50001 SET @saved_cs_client          = @@character_set_client */;
/*!50001 SET @saved_cs_results         = @@character_set_results */;
/*!50001 SET @saved_col_connection     = @@collation_connection */;
/*!50001 SET character_set_client      = utf8mb4 */;
/*!50001 SET character_set_results     = utf8mb4 */;
/*!50001 SET collation_connection      = utf8mb4_0900_ai_ci */;
/*!50001 CREATE ALGORITHM=UNDEFINED */
/*!50013 DEFINER=`root`@`localhost` SQL SECURITY DEFINER */
/*!50001 VIEW `sales_report` AS select `sm`.`movement_id` AS `movement_id`,`sm`.`movement_date` AS `movement_date`,`i`.`item_id` AS `item_id`,`i`.`item_name` AS `item_name`,`i`.`description` AS `description`,`i`.`category` AS `category`,`i`.`cost_price` AS `cost_price`,`i`.`selling_price` AS `selling_price`,`sm`.`quantity` AS `quantity`,`sm`.`discount_amount` AS `discount_amount`,`sm`.`tax_amount` AS `tax_amount`,(`i`.`selling_price` * `sm`.`quantity`) AS `gross_total`,(((`i`.`selling_price` * `sm`.`quantity`) - `sm`.`discount_amount`) + `sm`.`tax_amount`) AS `net_total` from (`stock_movements` `sm` join `items` `i` on((`sm`.`item_id` = `i`.`item_id`))) where (`sm`.`movement_type` = 'OUT') order by `sm`.`movement_date` desc */;
/*!50001 SET character_set_client      = @saved_cs_client */;
/*!50001 SET character_set_results     = @saved_cs_results */;
/*!50001 SET collation_connection      = @saved_col_connection */;
/*!40103 SET TIME_ZONE=@OLD_TIME_ZONE */;

/*!40101 SET SQL_MODE=@OLD_SQL_MODE */;
/*!40014 SET FOREIGN_KEY_CHECKS=@OLD_FOREIGN_KEY_CHECKS */;
/*!40014 SET UNIQUE_CHECKS=@OLD_UNIQUE_CHECKS */;
/*!40101 SET CHARACTER_SET_CLIENT=@OLD_CHARACTER_SET_CLIENT */;
/*!40101 SET CHARACTER_SET_RESULTS=@OLD_CHARACTER_SET_RESULTS */;
/*!40101 SET COLLATION_CONNECTION=@OLD_COLLATION_CONNECTION */;
/*!40111 SET SQL_NOTES=@OLD_SQL_NOTES */;

-- Dump completed on 2025-09-13 14:53:19
